SMILES	logP	logD	TPSA	MolWt	
QEDCc1cccc(SC2=C[N]c3c2nc[nH]c3=O)c1CC(C)C(=O)O	2.709	-1.004	97.15	342.0912373719999	0.8705135882713714
CCc1cccc(SC2=C[N]c3c2nc[nH]c3=O)c1CCC(=O)O	2.705	-0.881	97.15	342.0912373719999	0.8410356917436377
NCc1cccc(SC2=C[N]c3c2nc[nH]c3=O)c1CCC(=O)O	0.303	-1.37	123.17	343.08648634	0.7316104011408964
Cc1cccc(SC2=C[N]c3c2nc[nH]c3=O)c1CC(N)C(=O)O	-0.467	-0.867	123.17	343.08648634	0.7532881710659476
N#CCc1cccc(SC2=C[N]c3c2nc[nH]c3=O)c1CCC(=O)O	1.309	-1.392	120.93999999999998	353.070836276	0.8209341492405969
CCCc1cccc(SC2=C[N]c3c2nc[nH]c3=O)c1CCC(=O)O	3.295	-0.553	97.15	356.1068874359999	0.7944434978787451
CCc1cccc(SC2=C[N]c3c2nc[nH]c3=O)c1CC(C)C(=O)O	3.212	-0.724	97.15	356.1068874359999	0.8292653877740063
CCC(Cc1c(C)cccc1SC1=C[N]c2c1nc[nH]c2=O)C(=O)O	2.978	-0.704	97.15	356.1068874359999	0.828882991928554
CCc1cccc(SC2=C[N]c3c2nc[nH]c3=O)c1CCCC(=O)O	2.974	-0.584	97.15	356.1068874359999	0.7944434978787451
CNCc1cccc(SC2=C[N]c3c2nc[nH]c3=O)c1CCC(=O)O	0.945	-1.537	109.18	357.102136404	0.6976047258876553
CC(Cc1c(CN)cccc1SC1=C[N]c2c1nc[nH]c2=O)C(=O)O	0.838	-1.36	123.17	357.102136404	0.7245905008737189
NCCc1cccc(SC2=C[N]c3c2nc[nH]c3=O)c1CCC(=O)O	0.759	-1.334	123.17	357.102136404	0.6918722261708377
NCc1cccc(SC2=C[N]c3c2nc[nH]c3=O)c1CCCC(=O)O	0.586	-1.257	123.17	357.102136404	0.6960221699652868
Cc1cccc(SC2=C[N]c3c2nc[nH]c3=O)c1CN(C)CC(=O)O	0.578	-0.959	100.39	357.102136404	0.8193228455176393
CCc1cccc(SC2=C[N]c3c2nc[nH]c3=O)c1CNCC(=O)O	0.578	-1.338	109.18	357.102136404	0.6976047258876553
CNC(Cc1c(C)cccc1SC1=C[N]c2c1nc[nH]c2=O)C(=O)O	0.395	-1.395	109.18	357.102136404	0.7249565614035057
CCc1cccc(SC2=C[N]c3c2nc[nH]c3=O)c1CC(N)C(=O)O	-0.082	-0.826	123.17	357.102136404	0.7218133814944035
CCc1cccc(SC2=C[N]c3c2nc[nH]c3=O)c1COCC(=O)O	1.615	-1.184	106.38	358.0861519919999	0.7863006324126072
COCc1cccc(SC2=C[N]c3c2nc[nH]c3=O)c1CCC(=O)O	1.723	-1.186	106.38	358.08615199199994	0.7863006324126072
CC(Cc1c(CO)cccc1SC1=C[N]c2c1nc[nH]c2=O)C(=O)O	1.457	-1.407	117.38	358.08615199199994	0.7254871483802883
O=C(O)CCc1c(CCO)cccc1SC1=C[N]c2c1nc[nH]c2=O	1.391	-1.383	117.38	358.086151992	0.692831355408481
O=C(O)CCCc1c(CO)cccc1SC1=C[N]c2c1nc[nH]c2=O	1.242	-1.313	117.38	358.086151992	0.696818026529004
NCc1cccc(SC2=C[N]c3c2nc[nH]c3=O)c1CNCC(=O)O	-1.263	-1.362	135.2	358.097385372	0.5731309011401445
NCc1cccc(SC2=C[N]c3c2nc[nH]c3=O)c1COCC(=O)O	-0.446	-1.304	132.4	359.08140095999994	0.6756624836676706
O=C(O)CNCc1c(CO)cccc1SC1=C[N]c2c1nc[nH]c2=O	-0.933	-1.657	129.41	359.08140096000005	0.5745874756608783
O=C(O)COCc1c(CO)cccc1SC1=C[N]c2c1nc[nH]c2=O	0.054	-1.487	126.61	360.06541654800003	0.6769952182166379
CC(Cc1c(CC#N)cccc1SC1=C[N]c2c1nc[nH]c2=O)C(=O)O	1.806	-1.322	120.93999999999998	367.08648634	0.8087039623689848
N#CCc1cccc(SC2=C[N]c3c2nc[nH]c3=O)c1CCCC(=O)O	1.641	-1.218	120.93999999999998	367.08648634	0.7756686420626032
N#CCc1cccc(SC2=C[N]c3c2nc[nH]c3=O)c1CNCC(=O)O	-0.494	-1.6	132.96999999999997	368.081735308	0.6715676800082593
N#CCc1cccc(SC2=C[N]c3c2nc[nH]c3=O)c1COCC(=O)O	0.458	-1.437	130.17	369.065750896	0.7604006526385811
CC(=O)Cc1cccc(SC2=C[N]c3c2nc[nH]c3=O)c1CCC(=O)O	1.562	-1.394	114.22	370.0861519919999	0.7725659906091018
CCCCc1cccc(SC2=C[N]c3c2nc[nH]c3=O)c1CCC(=O)O	3.887	-0.226	97.15	370.1225374999999	0.7414399412343651
CCCc1cccc(SC2=C[N]c3c2nc[nH]c3=O)c1CC(C)C(=O)O	3.811	-0.386	97.15	370.1225374999999	0.7790739909969929
CC(C)Cc1cccc(SC2=C[N]c3c2nc[nH]c3=O)c1CCC(=O)O	3.689	-0.388	97.15	370.1225374999999	0.7790739909969928
CCCc1cccc(SC2=C[N]c3c2nc[nH]c3=O)c1CCCC(=O)O	3.537	-0.249	97.15	370.1225374999999	0.7414399412343651
CCCC(Cc1c(C)cccc1SC1=C[N]c2c1nc[nH]c2=O)C(=O)O	3.408	-0.374	97.15	370.1225374999999	0.7777660926256149
CCc1cccc(SC2=C[N]c3c2nc[nH]c3=O)c1CC(C)(C)C(=O)O	3.35	-0.465	97.15	370.1225374999999	0.8128161763403291
CNCc1cccc(SC2=C[N]c3c2nc[nH]c3=O)c1CC(C)C(=O)O	1.468	-1.471	109.18	371.117786468	0.687560571418061
CN(C)Cc1cccc(SC2=C[N]c3c2nc[nH]c3=O)c1CCC(=O)O	1.399	-1.044	100.39	371.117786468	0.7737568299796962
CC(Cc1c(CCN)cccc1SC1=C[N]c2c1nc[nH]c2=O)C(=O)O	1.32	-1.312	123.17	371.117786468	0.6826506473588421
CNCc1cccc(SC2=C[N]c3c2nc[nH]c3=O)c1CCCC(=O)O	1.25	-1.352	109.18	371.117786468	0.6565011584147095
CCNCc1cccc(SC2=C[N]c3c2nc[nH]c3=O)c1CCC(=O)O	1.246	-1.519	109.18	371.117786468	0.6565011584147096
CNCCc1cccc(SC2=C[N]c3c2nc[nH]c3=O)c1CCC(=O)O	1.228	-1.48	109.18	371.117786468	0.6537329781143364
CCCc1cccc(SC2=C[N]c3c2nc[nH]c3=O)c1CNCC(=O)O	1.159	-1.11	109.18	371.117786468	0.6565011584147097
CCc1cccc(SC2=C[N]c3c2nc[nH]c3=O)c1CN(C)CC(=O)O	1.076	-0.866	100.39	371.117786468	0.7737568299796962
Cc1cccc(SC2=C[N]c3c2nc[nH]c3=O)c1CN(C)CCC(=O)O	1.072	-1.025	100.39	371.117786468	0.7746858860305987
Cc1cccc(SC2=C[N]c3c2nc[nH]c3=O)c1CCN(C)CC(=O)O	1.062	-0.862	100.39	371.117786468	0.7718336815656689
NCCc1cccc(SC2=C[N]c3c2nc[nH]c3=O)c1CCCC(=O)O	1.056	-1.2	123.17	371.117786468	0.6521808976393719
CC(C)(Cc1c(CN)cccc1SC1=C[N]c2c1nc[nH]c2=O)C(=O)O	1.054	-1.253	123.17	371.117786468	0.715298228219452
Cc1cccc(SC2=C[N]c3c2nc[nH]c3=O)c1CC(CCN)C(=O)O	1.029	-1.328	123.17	371.117786468	0.6839843148964264
CCNC(Cc1c(C)cccc1SC1=C[N]c2c1nc[nH]c2=O)C(=O)O	0.868	-1.382	109.18	371.117786468	0.686982447471644
Cc1cccc(SC2=C[N]c3c2nc[nH]c3=O)c1CC(C)NCC(=O)O	0.769	-1.328	109.18	371.117786468	0.6869824474716439
CCCc1cccc(SC2=C[N]c3c2nc[nH]c3=O)c1CC(N)C(=O)O	0.45	-0.669	123.17	371.117786468	0.6840410294797115
CCN(CC(=O)O)Cc1c(C)cccc1SC1=C[N]c2c1nc[nH]c2=O	1.148	-0.915	100.39	371.1177864680001	0.774685886030599
O=C(O)CCc1c(CC(=O)O)cccc1SC1=C[N]c2c1nc[nH]c2=O	1.161	-2.067	134.45	372.065416548	0.6737562819145622
CCCc1cccc(SC2=C[N]c3c2nc[nH]c3=O)c1COCC(=O)O	2.186	-0.948	106.38	372.1018020559999	0.7377602868373445
COCc1cccc(SC2=C[N]c3c2nc[nH]c3=O)c1CC(C)C(=O)O	2.222	-1.113	106.38	372.101802056	0.7734213701500783
COCc1cccc(SC2=C[N]c3c2nc[nH]c3=O)c1CCCC(=O)O	2.035	-1.002	106.38	372.101802056	0.7377602868373444
CC(Cc1c(CCO)cccc1SC1=C[N]c2c1nc[nH]c2=O)C(=O)O	1.898	-1.304	117.38	372.101802056	0.683319874810203
CC(C)(Cc1c(CO)cccc1SC1=C[N]c2c1nc[nH]c2=O)C(=O)O	1.62	-1.234	117.38	372.101802056	0.7158498526723198
O=C(O)CCc1c(CCCO)cccc1SC1=C[N]c2c1nc[nH]c2=O	1.718	-1.223	117.38	372.10180205600005	0.6527605372802908
O=C(O)CCCc1c(CCO)cccc1SC1=C[N]c2c1nc[nH]c2=O	1.673	-1.198	117.38	372.10180205600005	0.6527605372802908
CNCc1cccc(SC2=C[N]c3c2nc[nH]c3=O)c1CNCC(=O)O	-0.814	-1.638	121.21	372.113035436	0.5453915031665355
NCCc1cccc(SC2=C[N]c3c2nc[nH]c3=O)c1CNCC(=O)O	-0.949	-1.342	135.2	372.113035436	0.5376914664787605
CNCc1cccc(SC2=C[N]c3c2nc[nH]c3=O)c1CC(N)C(=O)O	-1.243	-0.971	135.2	372.113035436	0.5639279629992263
CNCc1cccc(SC2=C[N]c3c2nc[nH]c3=O)c1COCC(=O)O	0.024	-1.562	118.41	373.097051024	0.6403846141503258
NCCc1cccc(SC2=C[N]c3c2nc[nH]c3=O)c1COCC(=O)O	-0.122	-1.269	132.4	373.097051024	0.6333432958821009
COCc1cccc(SC2=C[N]c3c2nc[nH]c3=O)c1CC(N)C(=O)O	-0.793	-0.749	132.39999999999998	373.097051024	0.6642626152287787
O=C(O)CNCc1c(CCO)cccc1SC1=C[N]c2c1nc[nH]c2=O	-0.542	-1.601	129.41	373.09705102400005	0.5389076643954708
CCc1cccc(SC2=C[N]c3c2nc[nH]c3=O)c1CSCC(=O)O	2.538	-1.01	97.15	374.063308372	0.7731976152617965
COCc1cccc(SC2=C[N]c3c2nc[nH]c3=O)c1COCC(=O)O	0.744	-1.217	115.61	374.0810666119999	0.7243295310957317
O=C(O)COCc1c(CCO)cccc1SC1=C[N]c2c1nc[nH]c2=O	0.45	-1.418	126.61	374.081066612	0.6344232942276192
NCc1cccc(SC2=C[N]c3c2nc[nH]c3=O)c1CSCC(=O)O	0.294	-1.324	123.17	375.05855734	0.6749552318790345
O=C(O)CSCc1c(CO)cccc1SC1=C[N]c2c1nc[nH]c2=O	0.836	-1.412	117.38	376.042572928	0.6755721696461674
CC(C)(Cc1c(CC#N)cccc1SC1=C[N]c2c1nc[nH]c2=O)C(=O)O	1.998	-1.145	120.93999999999998	381.102136404	0.7934964266120558
CN(CC(=O)O)Cc1c(CC#N)cccc1SC1=C[N]c2c1nc[nH]c2=O	-0.077	-1.13	124.18	382.0973853720001	0.7464722392187562
CCc1cccc(SC2=C[N]c3c2nc[nH]c3=O)c1CN1CC(C(=O)O)C1	1.644	-0.728	100.39	383.117786468	0.7930748462886392
CC(=O)Cc1cccc(SC2=C[N]c3c2nc[nH]c3=O)c1CC(C)C(=O)O	2.07	-1.24	114.22	384.1018020559999	0.7580055072912728
CCc1cccc(SC2=C[N]c3c2nc[nH]c3=O)c1CC(=O)CCC(=O)O	2.04	-1.017	114.22	384.1018020559999	0.7230794140034036
CC(=O)Cc1cccc(SC2=C[N]c3c2nc[nH]c3=O)c1CCCC(=O)O	1.881	-1.087	114.22	384.1018020559999	0.7230794140034036
CC(=O)CCc1cccc(SC2=C[N]c3c2nc[nH]c3=O)c1CCC(=O)O	1.935	-1.108	114.22	384.101802056	0.7230794140034036
NCc1cccc(SC2=C[N]c3c2nc[nH]c3=O)c1CN1CC(C(=O)O)C1	-0.462	-0.711	126.41	384.113035436	0.6801842370463347
CCCCc1cccc(SC2=C[N]c3c2nc[nH]c3=O)c1CC(C)C(=O)O	4.361	-0.051	97.15	384.1381875639999	0.7229109032401868
CC(C)CCc1cccc(SC2=C[N]c3c2nc[nH]c3=O)c1CCC(=O)O	4.287	-0.078	97.15	384.1381875639999	0.7229109032401868
CC(C)Cc1cccc(SC2=C[N]c3c2nc[nH]c3=O)c1CC(C)C(=O)O	4.176	-0.212	97.15	384.1381875639999	0.7604801238933873
CCCCc1cccc(SC2=C[N]c3c2nc[nH]c3=O)c1CCCC(=O)O	4.087	0.082	97.15	384.1381875639999	0.68410767164917
CCCc1cccc(SC2=C[N]c3c2nc[nH]c3=O)c1CC(C)(C)C(=O)O	3.956	-0.117	97.15	384.1381875639999	0.7582419924269539
CC(C)Cc1cccc(SC2=C[N]c3c2nc[nH]c3=O)c1CCCC(=O)O	3.915	-0.079	97.15	384.1381875639999	0.7229109032401867
CCc1cccc(SC2=C[N]c3c2nc[nH]c3=O)c1CC(C)(C)CC(=O)O	3.81	-0.237	97.15	384.1381875639999	0.7582419924269538
CCc1cccc(SC2=C[N]c3c2nc[nH]c3=O)c1CCC(C)(C)C(=O)O	3.655	-0.169	97.15	384.1381875639999	0.7582419924269538
Cc1cccc(SC2=C[N]c3c2nc[nH]c3=O)c1CC(CC(C)C)C(=O)O	3.605	-0.202	97.15	384.1381875639999	0.7583815167307064
CCCCC(Cc1c(C)cccc1SC1=C[N]c2c1nc[nH]c2=O)C(=O)O	3.863	-0.037	97.15	384.138187564	0.7203451883745533
N#CCc1cccc(SC2=C[N]c3c2nc[nH]c3=O)c1CSCC(=O)O	1.249	-1.373	120.93999999999998	385.042907276	0.7508090028806781
CCc1cccc(SC2=C[N]c3c2nc[nH]c3=O)c1CC(=O)NCC(=O)O	0.829	-1.763	126.25	385.097051024	0.661558508109859
CNC(=O)Cc1cccc(SC2=C[N]c3c2nc[nH]c3=O)c1CCC(=O)O	0.747	-1.643	126.25	385.097051024	0.661558508109859
Cc1cccc(SC2=C[N]c3c2nc[nH]c3=O)c1CC(=O)N(C)CC(=O)O	0.558	-1.813	117.46	385.097051024	0.7781661832981839
Cc1cccc(SC2=C[N]c3c2nc[nH]c3=O)c1CC(=O)NC(C)C(=O)O	0.406	-1.867	126.25	385.097051024	0.6924989663197851
CC(=O)Cc1cccc(SC2=C[N]c3c2nc[nH]c3=O)c1CNCC(=O)O	-0.352	-1.789	126.25	385.097051024	0.6270686108033777
CC(=O)NC(Cc1c(C)cccc1SC1=C[N]c2c1nc[nH]c2=O)C(=O)O	0.861	-1.911	126.25	385.097051024	0.6924989663197852
O=C(O)C1CN(Cc2c(CO)cccc2SC2=C[N]c3c2nc[nH]c3=O)C1	-0.046	-0.989	120.62	385.09705102400005	0.6812479908005795
CC(Cc1c(CN(C)C)cccc1SC1=C[N]c2c1nc[nH]c2=O)C(=O)O	1.912	-1.004	100.39	385.133436532	0.7592279424264639
CN(C)CCc1cccc(SC2=C[N]c3c2nc[nH]c3=O)c1CCC(=O)O	1.798	-0.931	100.39	385.133436532	0.7227332798376945
CNCCc1cccc(SC2=C[N]c3c2nc[nH]c3=O)c1CC(C)C(=O)O	1.766	-1.397	109.18	385.133436532	0.6422655516947526
Cc1cccc(SC2=C[N]c3c2nc[nH]c3=O)c1CN(C)CCCC(=O)O	1.763	-0.903	100.39	385.133436532	0.7246235204452945
CCNCc1cccc(SC2=C[N]c3c2nc[nH]c3=O)c1CC(C)C(=O)O	1.75	-1.435	109.18	385.133436532	0.6440529753410497
CC(C)NCc1cccc(SC2=C[N]c3c2nc[nH]c3=O)c1CCC(=O)O	1.728	-1.39	109.18	385.133436532	0.6444327512641234
CCCCc1cccc(SC2=C[N]c3c2nc[nH]c3=O)c1CNCC(=O)O	1.719	-0.82	109.18	385.133436532	0.6121604285376986
CNCc1cccc(SC2=C[N]c3c2nc[nH]c3=O)c1CC(C)(C)C(=O)O	1.694	-1.308	109.18	385.133436532	0.6755300121526203
CN(C)Cc1cccc(SC2=C[N]c3c2nc[nH]c3=O)c1CCCC(=O)O	1.664	-0.883	100.39	385.133436532	0.7243588536817503
CCN(CCc1c(C)cccc1SC1=C[N]c2c1nc[nH]c2=O)CC(=O)O	1.661	-0.804	100.39	385.133436532	0.7235333201303218
CC(C)(Cc1c(CCN)cccc1SC1=C[N]c2c1nc[nH]c2=O)C(=O)O	1.563	-1.183	123.17	385.133436532	0.6716763124660512
CNCCC(Cc1c(C)cccc1SC1=C[N]c2c1nc[nH]c2=O)C(=O)O	1.553	-1.425	109.18	385.133436532	0.6431141692295483
CC(C)Cc1cccc(SC2=C[N]c3c2nc[nH]c3=O)c1CNCC(=O)O	1.541	-0.99	109.18	385.133436532	0.6440529753410497
CCNCc1cccc(SC2=C[N]c3c2nc[nH]c3=O)c1CCCC(=O)O	1.529	-1.306	109.18	385.133436532	0.6121604285376983
CNCCc1cccc(SC2=C[N]c3c2nc[nH]c3=O)c1CCCC(=O)O	1.511	-1.265	109.18	385.133436532	0.6109464351181956
CCc1cccc(SC2=C[N]c3c2nc[nH]c3=O)c1CNC(C)(C)C(=O)O	1.499	-1.039	109.18	385.133436532	0.675928349003395
Cc1cccc(SC2=C[N]c3c2nc[nH]c3=O)c1CN(CC(=O)O)C(C)C	1.486	-0.937	100.39	385.133436532	0.7600363418503071
Cc1cccc(SC2=C[N]c3c2nc[nH]c3=O)c1CNC(C)CCC(=O)O	1.456	-1.335	109.18	385.133436532	0.6446038583252827
Cc1cccc(SC2=C[N]c3c2nc[nH]c3=O)c1CCN(C)CCC(=O)O	1.441	-0.921	100.39	385.133436532	0.7235333201303217
CC(C)(CCc1c(CN)cccc1SC1=C[N]c2c1nc[nH]c2=O)C(=O)O	1.436	-1.072	123.17	385.133436532	0.6730648981288992
CC(C)(N)Cc1cccc(SC2=C[N]c3c2nc[nH]c3=O)c1CCC(=O)O	1.409	-0.792	123.17	385.133436532	0.6723989950663881
Cc1cccc(SC2=C[N]c3c2nc[nH]c3=O)c1CCCN(C)CC(=O)O	1.401	-0.766	100.39	385.133436532	0.7235333201303217
CCCNC(Cc1c(C)cccc1SC1=C[N]c2c1nc[nH]c2=O)C(=O)O	1.318	-1.157	109.18	385.133436532	0.643796324043683
Cc1cccc(SC2=C[N]c3c2nc[nH]c3=O)c1CC(C)N(C)CC(=O)O	1.284	-0.865	100.39	385.133436532	0.7588862634047923
Cc1cccc(SC2=C[N]c3c2nc[nH]c3=O)c1CC(C)NCCC(=O)O	1.265	-1.404	109.18	385.133436532	0.6437963240436828
Cc1cccc(SC2=C[N]c3c2nc[nH]c3=O)c1CC(CCCN)C(=O)O	1.157	-1.197	123.17	385.133436532	0.641041388377235
Cc1cccc(SC2=C[N]c3c2nc[nH]c3=O)c1CCC(C)NCC(=O)O	1.125	-1.219	109.18	385.133436532	0.6437963240436828
CCCCc1cccc(SC2=C[N]c3c2nc[nH]c3=O)c1CC(N)C(=O)O	0.988	-0.424	123.17	385.133436532	0.6410678513140566
CC(C)Cc1cccc(SC2=C[N]c3c2nc[nH]c3=O)c1CC(N)C(=O)O	0.803	-0.594	123.17	385.133436532	0.6716669630289486
Cc1cccc(SC2=C[N]c3c2nc[nH]c3=O)c1CCC(N)CCC(=O)O	0.743	-0.894	123.17	385.133436532	0.6415358762702666
CCCN(CC(=O)O)Cc1c(C)cccc1SC1=C[N]c2c1nc[nH]c2=O	1.643	-0.753	100.39	385.1334365320001	0.7246235204452947
CCN(CCC(=O)O)Cc1c(C)cccc1SC1=C[N]c2c1nc[nH]c2=O	1.581	-1.007	100.39	385.1334365320001	0.7246235204452947
CC(C)(CC(=O)O)Cc1c(CN)cccc1SC1=C[N]c2c1nc[nH]c2=O	1.545	-1.063	123.17	385.1334365320001	0.6730648981288992
CCc1cccc(SC2=C[N]c3c2nc[nH]c3=O)c1CC(=O)OCC(=O)O	2.145	-1.423	123.45	386.0810666119999	0.6959726098817356
Cc1cccc(SC2=C[N]c3c2nc[nH]c3=O)c1CCC(=O)OCC(=O)O	2.095	-1.414	123.45	386.0810666119999	0.6973904484664832
CC(=O)Cc1cccc(SC2=C[N]c3c2nc[nH]c3=O)c1COCC(=O)O	0.689	-1.668	123.45	386.0810666119999	0.709322443474494
COC(=O)Cc1cccc(SC2=C[N]c3c2nc[nH]c3=O)c1CCC(=O)O	1.688	-1.401	123.45	386.0810666119999	0.6959726098817357
O=C(O)CCc1cccc(SC2=C[N]c3c2nc[nH]c3=O)c1CCC(=O)O	1.688	-1.825	134.44999999999996	386.0810666119999	0.6324679730838368
CC(Cc1c(CC(=O)O)cccc1SC1=C[N]c2c1nc[nH]c2=O)C(=O)O	1.621	-1.969	134.44999999999996	386.081066612	0.6622376955059568
O=C(O)CCCc1c(CC(=O)O)cccc1SC1=C[N]c2c1nc[nH]c2=O	1.466	-1.854	134.45	386.0810666120001	0.6324679730838368
O=C(O)CCC(=O)Cc1c(CO)cccc1SC1=C[N]c2c1nc[nH]c2=O	0.515	-1.69	134.45	386.0810666120001	0.6267374569752517
CCCCc1cccc(SC2=C[N]c3c2nc[nH]c3=O)c1COCC(=O)O	2.746	-0.663	106.38	386.1174521199999	0.6859567753538843
CC(C)Cc1cccc(SC2=C[N]c3c2nc[nH]c3=O)c1COCC(=O)O	2.561	-0.819	106.38	386.1174521199999	0.7224329122495484
CCc1cccc(SC2=C[N]c3c2nc[nH]c3=O)c1COC(C)(C)C(=O)O	2.197	-0.839	106.38	386.1174521199999	0.7574208642894708
Cc1cccc(SC2=C[N]c3c2nc[nH]c3=O)c1CCC(O)CCC(=O)O	1.896	-1.125	117.38	386.1174521199999	0.6417993803134348
Cc1cccc(SC2=C[N]c3c2nc[nH]c3=O)c1CC(CCCO)C(=O)O	1.854	-1.113	117.38	386.1174521199999	0.6413523699822775
COCc1cccc(SC2=C[N]c3c2nc[nH]c3=O)c1CC(C)(C)C(=O)O	2.41	-0.923	106.38	386.11745212	0.7577406404076673
CC(Cc1c(CCCO)cccc1SC1=C[N]c2c1nc[nH]c2=O)C(=O)O	2.226	-1.111	117.38	386.11745212	0.6407359453100689
CC(C)(Cc1c(CCO)cccc1SC1=C[N]c2c1nc[nH]c2=O)C(=O)O	2.104	-1.112	117.38	386.11745212	0.6720508676987774
CC(C)(CCc1c(CO)cccc1SC1=C[N]c2c1nc[nH]c2=O)C(=O)O	1.969	-1.021	117.38	386.11745212	0.6733170292629843
CC(C)(CC(=O)O)Cc1c(CO)cccc1SC1=C[N]c2c1nc[nH]c2=O	2.065	-1.053	117.38	386.11745212000005	0.6733170292629844
O=C(O)CCCc1c(CCCO)cccc1SC1=C[N]c2c1nc[nH]c2=O	1.987	-0.984	117.38	386.11745212000005	0.6092602161127898
Cc1cccc(SC2=C[N]c3c2nc[nH]c3=O)c1CN(CCN)CC(=O)O	-0.288	-0.828	126.41	386.1286855	0.6233003494939541
CN(C)Cc1cccc(SC2=C[N]c3c2nc[nH]c3=O)c1CNCC(=O)O	-0.349	-1.164	112.42	386.1286855	0.6275614997897817
CN(CCc1c(CN)cccc1SC1=C[N]c2c1nc[nH]c2=O)CC(=O)O	-0.395	-0.788	126.40999999999998	386.1286855	0.6205256857912627
CCNCc1cccc(SC2=C[N]c3c2nc[nH]c3=O)c1CNCC(=O)O	-0.5	-1.672	121.21	386.1286855	0.513788521348553
CC(C)(NCc1c(CN)cccc1SC1=C[N]c2c1nc[nH]c2=O)C(=O)O	-0.509	-1.119	135.19999999999996	386.1286855	0.5663856639192407
CNCCc1cccc(SC2=C[N]c3c2nc[nH]c3=O)c1CNCC(=O)O	-0.563	-1.602	121.21	386.1286855	0.5080866662762742
CN(C)Cc1cccc(SC2=C[N]c3c2nc[nH]c3=O)c1CC(N)C(=O)O	-0.819	-0.578	126.41	386.1286855	0.6508164834775138
CCNCc1cccc(SC2=C[N]c3c2nc[nH]c3=O)c1CC(N)C(=O)O	-0.965	-1.016	135.2	386.1286855	0.5347001144521774
CNCCc1cccc(SC2=C[N]c3c2nc[nH]c3=O)c1CC(N)C(=O)O	-1.068	-0.933	135.2	386.1286855	0.5274588543597608
Cc1cccc(SC2=C[N]c3c2nc[nH]c3=O)c1CNC(=O)OCC(=O)O	1.467	-1.585	135.48	387.0763155799999	0.6865992192448999
Cc1cccc(SC2=C[N]c3c2nc[nH]c3=O)c1CN(CC(=O)O)C(=O)O	0.738	-2.212	137.69	387.0763155799999	0.6888321427245266
CN(Cc1c(CC(=O)O)cccc1SC1=C[N]c2c1nc[nH]c2=O)C(=O)O	0.656	-2.229	137.68999999999997	387.07631558	0.6874393631551187
CN(C)Cc1cccc(SC2=C[N]c3c2nc[nH]c3=O)c1COCC(=O)O	0.497	-1.116	109.62000000000002	387.112701088	0.7102689757200413
Cc1cccc(SC2=C[N]c3c2nc[nH]c3=O)c1CN(CCO)CC(=O)O	0.351	-1.031	120.62000000000002	387.112701088	0.624143412341343
CCNCc1cccc(SC2=C[N]c3c2nc[nH]c3=O)c1COCC(=O)O	0.319	-1.573	118.41	387.112701088	0.6004356814590104
CNCCc1cccc(SC2=C[N]c3c2nc[nH]c3=O)c1COCC(=O)O	0.311	-1.514	118.41	387.112701088	0.5961434379075139
Cc1cccc(SC2=C[N]c3c2nc[nH]c3=O)c1CC(NCCO)C(=O)O	-0.068	-1.433	129.41	387.112701088	0.5315324590286626
COCc1cccc(SC2=C[N]c3c2nc[nH]c3=O)c1CN(C)CC(=O)O	0.26	-0.929	109.62	387.112701088	0.7102689757200413
CC(C)(OCc1c(CN)cccc1SC1=C[N]c2c1nc[nH]c2=O)C(=O)O	0.153	-1.257	132.39999999999998	387.112701088	0.6611688727351605
CC(C)(NCc1c(CO)cccc1SC1=C[N]c2c1nc[nH]c2=O)C(=O)O	-0.074	-1.336	129.40999999999997	387.112701088	0.5671211096003047
CN(CC(=O)O)Cc1c(CCO)cccc1SC1=C[N]c2c1nc[nH]c2=O	-0.085	-1.094	120.62	387.1127010880001	0.6214521982370542
O=C(O)CNCc1c(CCCO)cccc1SC1=C[N]c2c1nc[nH]c2=O	-0.243	-1.515	129.41	387.1127010880001	0.5087729175048181
CCCc1cccc(SC2=C[N]c3c2nc[nH]c3=O)c1CSCC(=O)O	3.159	-0.737	97.15	388.078958436	0.7194634841001389
CC(C)(OCc1c(CO)cccc1SC1=C[N]c2c1nc[nH]c2=O)C(=O)O	0.623	-1.289	126.61	388.096716676	0.6617770907106469
O=C(O)COCc1c(CCCO)cccc1SC1=C[N]c2c1nc[nH]c2=O	0.765	-1.335	126.61	388.096716676	0.5958141571815395
CNCc1cccc(SC2=C[N]c3c2nc[nH]c3=O)c1CSCC(=O)O	0.876	-1.534	109.18	389.074207404	0.6345066649894248
NCCc1cccc(SC2=C[N]c3c2nc[nH]c3=O)c1CSCC(=O)O	0.73	-1.284	123.17	389.074207404	0.6301136347208636
COCc1cccc(SC2=C[N]c3c2nc[nH]c3=O)c1CSCC(=O)O	1.618	-1.12	106.38	390.058222992	0.7133052691813371
O=C(O)CSCc1c(CCO)cccc1SC1=C[N]c2c1nc[nH]c2=O	1.295	-1.327	117.38	390.0582229920001	0.6305589378047691
O=C(O)CCc1c(Cc2ccco2)cccc1SC1=C[N]c2c1nc[nH]c2=O	3.305	-0.601	110.29	394.08615199200005	0.6360612042768643
N#CCc1cccc(SC2=C[N]c3c2nc[nH]c3=O)c1CN1CC(C(=O)O)C1	0.442	-0.97	124.18	394.097385372	0.763796511059788
O=C(O)CCc1c(Cn2ccnc2)cccc1SC1=C[N]c2c1nc[nH]c2=O	1.454	-1.431	114.97	394.0973853720001	0.6357047923672505
N#CCc1cccc(SC2=C[N]c3c2nc[nH]c3=O)c1CC(=O)CCC(=O)O	0.893	-1.615	138.00999999999996	395.08140096	0.6981197029342253
O=C(O)CCc1c(Cn2cncn2)cccc1SC1=C[N]c2c1nc[nH]c2=O	0.838	-1.539	127.86	395.0926343400001	0.623744115809574
CC(C)(CCc1c(CC#N)cccc1SC1=C[N]c2c1nc[nH]c2=O)C(=O)O	2.357	-0.917	120.93999999999998	395.117786468	0.7423487399363661
CC(C)(CC(=O)O)Cc1c(CC#N)cccc1SC1=C[N]c2c1nc[nH]c2=O	2.506	-0.953	120.94	395.1177864680001	0.7423487399363663
Cc1cccc(SC2=C[N]c3c2nc[nH]c3=O)c1CN(CCC#N)CC(=O)O	0.582	-1.016	124.18	396.113035436	0.7008098595112094
CN(CCc1c(CC#N)cccc1SC1=C[N]c2c1nc[nH]c2=O)CC(=O)O	0.437	-1.043	124.18	396.113035436	0.6961513491282173
CC(C)(NCc1c(CC#N)cccc1SC1=C[N]c2c1nc[nH]c2=O)C(=O)O	0.349	-1.286	132.96999999999997	396.113035436	0.6526863944752859
CN(CCC(=O)O)Cc1c(CC#N)cccc1SC1=C[N]c2c1nc[nH]c2=O	0.409	-1.171	124.18	396.1130354360001	0.6998008110407481
CC(C)(OCc1c(CC#N)cccc1SC1=C[N]c2c1nc[nH]c2=O)C(=O)O	1.045	-1.234	130.17	397.097051024	0.733975398861831
CCCc1cccc(SC2=C[N]c3c2nc[nH]c3=O)c1CN1CC(C(=O)O)C1	2.245	-0.56	100.39	397.133436532	0.7448029421096095
O=C(O)CCc1c(CNCC2CC2)cccc1SC1=C[N]c2c1nc[nH]c2=O	2.637	-1.051	109.17999999999998	397.1334365320001	0.6001085378181578
O=C(O)CCc1c(CNC2CCC2)cccc1SC1=C[N]c2c1nc[nH]c2=O	2.227	-1.098	109.17999999999998	397.1334365320001	0.631917235007085
O=C(O)CCc1c(CN2CCCC2)cccc1SC1=C[N]c2c1nc[nH]c2=O	2.184	-0.61	100.39	397.1334365320001	0.7450842496296324
CCCc1cccc(SC2=C[N]c3c2nc[nH]c3=O)c1CC(=O)CCC(=O)O	2.607	-0.685	114.22	398.1174521199999	0.6709545802085026
CC(=O)Cc1cccc(SC2=C[N]c3c2nc[nH]c3=O)c1CC(C)(C)C(=O)O	2.259	-1.009	114.22	398.1174521199999	0.7411389603486211
CC(=O)CCc1cccc(SC2=C[N]c3c2nc[nH]c3=O)c1CC(C)C(=O)O	2.417	-0.949	114.22	398.11745212	0.7066048050665427
CC(=O)CCc1cccc(SC2=C[N]c3c2nc[nH]c3=O)c1CCCC(=O)O	2.195	-0.804	114.22	398.11745212	0.6709545802085026
CC(=O)CCC(Cc1c(C)cccc1SC1=C[N]c2c1nc[nH]c2=O)C(=O)O	1.998	-0.951	114.22	398.11745212	0.7063522796643183
CNCc1cccc(SC2=C[N]c3c2nc[nH]c3=O)c1CN1CC(C(=O)O)C1	0.149	-0.961	112.42	398.1286855	0.645186815970783
NCCc1cccc(SC2=C[N]c3c2nc[nH]c3=O)c1CN1CC(C(=O)O)C1	0.007	-0.652	126.41	398.1286855	0.6379533983169152
CC(C)CCc1cccc(SC2=C[N]c3c2nc[nH]c3=O)c1CC(C)C(=O)O	4.733	0.109	97.15	398.1538376279999	0.7013525384160625
CCCCc1cccc(SC2=C[N]c3c2nc[nH]c3=O)c1CC(C)(C)C(=O)O	4.498	0.232	97.15	398.1538376279999	0.6974579066919646
CC(C)CCc1cccc(SC2=C[N]c3c2nc[nH]c3=O)c1CCCC(=O)O	4.453	0.238	97.15	398.1538376279999	0.6625269592687888
CCCc1cccc(SC2=C[N]c3c2nc[nH]c3=O)c1CC(C)(C)CC(=O)O	4.359	0.107	97.15	398.1538376279999	0.6974579066919646
CC(C)Cc1cccc(SC2=C[N]c3c2nc[nH]c3=O)c1CC(C)(C)C(=O)O	4.305	0.073	97.15	398.1538376279999	0.735629997747604
CCCc1cccc(SC2=C[N]c3c2nc[nH]c3=O)c1CCC(C)(C)C(=O)O	4.185	0.189	97.15	398.1538376279999	0.6974579066919646
CC(=O)NCCc1cccc(SC2=C[N]c3c2nc[nH]c3=O)c1CCC(=O)O	1.327	-1.514	126.25	399.112701088	0.6213563774225161
CC(=O)N(C)Cc1cccc(SC2=C[N]c3c2nc[nH]c3=O)c1CCC(=O)O	1.245	-1.607	117.46	399.112701088	0.7362525974039859
CNC(=O)Cc1cccc(SC2=C[N]c3c2nc[nH]c3=O)c1CC(C)C(=O)O	1.23	-1.559	126.25	399.112701088	0.6499784849699062
CNC(=O)Cc1cccc(SC2=C[N]c3c2nc[nH]c3=O)c1CCCC(=O)O	1.067	-1.448	126.25	399.112701088	0.621356377422516
CNCc1cccc(SC2=C[N]c3c2nc[nH]c3=O)c1CC(=O)CCC(=O)O	0.533	-1.722	126.25	399.112701088	0.5868081993199485
CC(=O)Cc1cccc(SC2=C[N]c3c2nc[nH]c3=O)c1CN(C)CC(=O)O	0.133	-1.362	117.46	399.112701088	0.6943368663811579
CC(=O)N(CCc1c(C)cccc1SC1=C[N]c2c1nc[nH]c2=O)CC(=O)O	1.169	-1.674	117.46	399.112701088	0.7341888810016474
COCc1cccc(SC2=C[N]c3c2nc[nH]c3=O)c1CN1CC(C(=O)O)C1	0.817	-0.756	109.62	399.112701088	0.730120880770522
CC(=O)CCc1cccc(SC2=C[N]c3c2nc[nH]c3=O)c1CNCC(=O)O	0.002	-1.612	126.25	399.112701088	0.5868081993199485
CCC(=O)N(CC(=O)O)Cc1c(C)cccc1SC1=C[N]c2c1nc[nH]c2=O	1.483	-1.616	117.46	399.1127010880001	0.7372751902012148
CC(=O)N(CCC(=O)O)Cc1c(C)cccc1SC1=C[N]c2c1nc[nH]c2=O	1.039	-1.559	117.46	399.1127010880001	0.7372751902012148
CCN(CC(=O)O)C(=O)Cc1c(C)cccc1SC1=C[N]c2c1nc[nH]c2=O	0.991	-1.667	117.46	399.1127010880001	0.7341888810016475
CC(=O)CN(CC(=O)O)Cc1c(C)cccc1SC1=C[N]c2c1nc[nH]c2=O	0.477	-1.25	117.46	399.1127010880001	0.6959124492138452
O=C(O)C1CN(Cc2c(CCO)cccc2SC2=C[N]c3c2nc[nH]c3=O)C1	0.452	-0.907	120.62	399.1127010880001	0.6388216884647636
CCN(CC)Cc1cccc(SC2=C[N]c3c2nc[nH]c3=O)c1CCC(=O)O	2.398	-0.919	100.39	399.149086596	0.6723411282120063
CC(C)CNCc1cccc(SC2=C[N]c3c2nc[nH]c3=O)c1CCC(=O)O	2.37	-0.98	109.18	399.149086596	0.5981678912356898
CC(Cc1c(CCN(C)C)cccc1SC1=C[N]c2c1nc[nH]c2=O)C(=O)O	2.312	-0.874	100.39	399.149086596	0.7072964213214101
CCCCc1cccc(SC2=C[N]c3c2nc[nH]c3=O)c1CN(C)CC(=O)O	2.269	-0.399	100.39	399.149086596	0.6723411282120063
CCCc1cccc(SC2=C[N]c3c2nc[nH]c3=O)c1CCN(C)CC(=O)O	2.222	-0.522	100.39	399.149086596	0.6722802810106451
CC(C)NCc1cccc(SC2=C[N]c3c2nc[nH]c3=O)c1CC(C)C(=O)O	2.22	-1.303	109.18	399.149086596	0.6297065887082087
CCCc1cccc(SC2=C[N]c3c2nc[nH]c3=O)c1CN(C)CCC(=O)O	2.2	-0.685	100.39	399.149086596	0.6723411282120063
CNCc1cccc(SC2=C[N]c3c2nc[nH]c3=O)c1CC(C)(C)CC(=O)O	2.2	-1.067	109.18	399.149086596	0.629705583199269
CC(C)(C)NCc1cccc(SC2=C[N]c3c2nc[nH]c3=O)c1CCC(=O)O	2.2	-1.153	109.18	399.149086596	0.6602665603495792
CC(C)CCc1cccc(SC2=C[N]c3c2nc[nH]c3=O)c1CNCC(=O)O	2.183	-0.702	109.18	399.149086596	0.5981678912356898
CCCN(CCc1c(C)cccc1SC1=C[N]c2c1nc[nH]c2=O)CC(=O)O	2.149	-0.618	100.39	399.149086596	0.6724643244469465
CN(C)Cc1cccc(SC2=C[N]c3c2nc[nH]c3=O)c1CC(C)(C)C(=O)O	2.123	-0.857	100.39	399.149086596	0.7425358740580006
Cc1cccc(SC2=C[N]c3c2nc[nH]c3=O)c1CC(CCN(C)C)C(=O)O	2.117	-0.888	100.39	399.149086596	0.7077076720739235
CN(C)CCc1cccc(SC2=C[N]c3c2nc[nH]c3=O)c1CCCC(=O)O	2.058	-0.74	100.39	399.149086596	0.6722802810106451
CCCc1cccc(SC2=C[N]c3c2nc[nH]c3=O)c1CNC(C)(C)C(=O)O	2.055	-0.807	109.18	399.149086596	0.629500740250268
CNCc1cccc(SC2=C[N]c3c2nc[nH]c3=O)c1CCC(C)(C)C(=O)O	2.044	-1.069	109.18	399.149086596	0.629705583199269
CNCCc1cccc(SC2=C[N]c3c2nc[nH]c3=O)c1CC(C)(C)C(=O)O	2.019	-1.207	109.18	399.149086596	0.629303587498152
Cc1cccc(SC2=C[N]c3c2nc[nH]c3=O)c1CN(CCC(=O)O)C(C)C	2.003	-1.029	100.39	399.149086596	0.7074073067144706
CCN(CCCc1c(C)cccc1SC1=C[N]c2c1nc[nH]c2=O)CC(=O)O	2.001	-0.691	100.39	399.149086596	0.6724643244469465
CC(C)NCc1cccc(SC2=C[N]c3c2nc[nH]c3=O)c1CCCC(=O)O	1.996	-1.178	109.18	399.149086596	0.5979733074840008
CCNCc1cccc(SC2=C[N]c3c2nc[nH]c3=O)c1CC(C)(C)C(=O)O	1.965	-1.248	109.18	399.149086596	0.629705583199269
CC(C)(CCc1c(CCN)cccc1SC1=C[N]c2c1nc[nH]c2=O)C(=O)O	1.899	-0.981	123.17	399.149086596	0.6269535267067523
CC(Cc1c(CC(C)(C)N)cccc1SC1=C[N]c2c1nc[nH]c2=O)C(=O)O	1.894	-0.814	123.17	399.149086596	0.657592142578601
CC(C)(N)Cc1cccc(SC2=C[N]c3c2nc[nH]c3=O)c1CCCC(=O)O	1.695	-0.702	123.17	399.149086596	0.6270810790746386
CC(C)CCc1cccc(SC2=C[N]c3c2nc[nH]c3=O)c1CC(N)C(=O)O	1.445	-0.349	123.17	399.149086596	0.6269509398095522
CCN(CCCC(=O)O)Cc1c(C)cccc1SC1=C[N]c2c1nc[nH]c2=O	2.355	-0.86	100.39	399.1490865960001	0.6719722894379275
CCCCN(CC(=O)O)Cc1c(C)cccc1SC1=C[N]c2c1nc[nH]c2=O	2.327	-0.511	100.39	399.1490865960001	0.6719722894379275
CCCN(CCC(=O)O)Cc1c(C)cccc1SC1=C[N]c2c1nc[nH]c2=O	2.166	-0.814	100.39	399.1490865960001	0.6719722894379275
CC(C)(CC(=O)O)Cc1c(CCN)cccc1SC1=C[N]c2c1nc[nH]c2=O	2.056	-0.96	123.17	399.1490865960001	0.6269535267067524
CCN(CCC(=O)O)CCc1c(C)cccc1SC1=C[N]c2c1nc[nH]c2=O	1.971	-0.889	100.39	399.1490865960001	0.6724643244469467
CCCc1cccc(SC2=C[N]c3c2nc[nH]c3=O)c1CC(=O)OCC(=O)O	2.718	-1.184	123.45	400.0967166759999	0.6513159136856065
Cc1cccc(SC2=C[N]c3c2nc[nH]c3=O)c1CCCC(=O)OCC(=O)O	2.279	-1.244	123.45	400.0967166759999	0.6520347582587718
Cc1cccc(SC2=C[N]c3c2nc[nH]c3=O)c1CC(CCC(=O)O)C(=O)O	1.628	-1.686	134.45	400.0967166759999	0.619554269176617
COC(=O)Cc1cccc(SC2=C[N]c3c2nc[nH]c3=O)c1CC(C)C(=O)O	2.166	-1.323	123.45	400.0967166759999	0.6821235091757067
COC(=O)Cc1cccc(SC2=C[N]c3c2nc[nH]c3=O)c1CCCC(=O)O	1.996	-1.219	123.45	400.0967166759999	0.6513159136856065
COCc1cccc(SC2=C[N]c3c2nc[nH]c3=O)c1CC(=O)CCC(=O)O	1.209	-1.406	123.45	400.0967166759999	0.6613812115642147
CC(=O)CCc1cccc(SC2=C[N]c3c2nc[nH]c3=O)c1COCC(=O)O	0.984	-1.475	123.45	400.0967166759999	0.6613812115642147
COC(=O)CCc1cccc(SC2=C[N]c3c2nc[nH]c3=O)c1CCC(=O)O	2.251	-1.225	123.45	400.096716676	0.6513159136856065
CCOC(=O)Cc1cccc(SC2=C[N]c3c2nc[nH]c3=O)c1CCC(=O)O	2.144	-1.227	123.45	400.096716676	0.6513159136856065
CC(Cc1c(CCC(=O)O)cccc1SC1=C[N]c2c1nc[nH]c2=O)C(=O)O	2.138	-1.694	134.44999999999996	400.096716676	0.6190805348904771
O=C(O)CCCc1cccc(SC2=C[N]c3c2nc[nH]c3=O)c1CCC(=O)O	1.981	-1.565	134.44999999999996	400.096716676	0.5885461274758572
CC(C)(Cc1c(CC(=O)O)cccc1SC1=C[N]c2c1nc[nH]c2=O)C(=O)O	1.812	-1.799	134.44999999999996	400.096716676	0.6493370844790504
O=C(O)CCCc1c(CCC(=O)O)cccc1SC1=C[N]c2c1nc[nH]c2=O	1.94	-1.565	134.45	400.0967166760001	0.5885461274758573
O=C(O)CCC(=O)Cc1c(CCO)cccc1SC1=C[N]c2c1nc[nH]c2=O	0.928	-1.585	134.45	400.0967166760001	0.5820431865610469
CNCc1cccc(SC2=C[N]c3c2nc[nH]c3=O)c1CC(=O)NCC(=O)O	-0.551	-2.15	138.27999999999997	400.107950056	0.5081364739948372
CNC(=O)Cc1cccc(SC2=C[N]c3c2nc[nH]c3=O)c1CNCC(=O)O	-0.973	-1.871	138.27999999999997	400.107950056	0.5081364739948373
CC(C)CCc1cccc(SC2=C[N]c3c2nc[nH]c3=O)c1COCC(=O)O	3.186	-0.546	106.38	400.1331021839999	0.6688560210794128
CCCc1cccc(SC2=C[N]c3c2nc[nH]c3=O)c1COC(C)(C)C(=O)O	2.758	-0.537	106.38	400.1331021839999	0.7029458899007301
COCc1cccc(SC2=C[N]c3c2nc[nH]c3=O)c1CC(C)(C)CC(=O)O	2.93	-0.714	106.38	400.133102184	0.7041206607731474
COCc1cccc(SC2=C[N]c3c2nc[nH]c3=O)c1CCC(C)(C)C(=O)O	2.766	-0.685	106.38	400.133102184	0.7041206607731474
CC(C)(CCc1c(CCO)cccc1SC1=C[N]c2c1nc[nH]c2=O)C(=O)O	2.42	-0.873	117.38	400.133102184	0.6270777208682673
CC(C)(Cc1c(CCCO)cccc1SC1=C[N]c2c1nc[nH]c2=O)C(=O)O	2.413	-0.887	117.38	400.133102184	0.6270777208682673
CC(C)(CC(=O)O)Cc1c(CCO)cccc1SC1=C[N]c2c1nc[nH]c2=O	2.562	-0.899	117.38	400.13310218400005	0.6270777208682674
Cc1cccc(SC2=C[N]c3c2nc[nH]c3=O)c1CCN(CCN)CC(=O)O	0.151	-0.729	126.41	400.144335564	0.5790534974996154
CNCc1cccc(SC2=C[N]c3c2nc[nH]c3=O)c1CN(C)CCC(=O)O	0.112	-1.212	112.42	400.144335564	0.5875660006237364
CN(C)Cc1cccc(SC2=C[N]c3c2nc[nH]c3=O)c1CN(C)CC(=O)O	0.103	-0.853	103.63	400.144335564	0.6948229294698198
Cc1cccc(SC2=C[N]c3c2nc[nH]c3=O)c1CN(CCCN)CC(=O)O	0.038	-0.811	126.41	400.144335564	0.58405679702372
CNCc1cccc(SC2=C[N]c3c2nc[nH]c3=O)c1CNC(C)(C)C(=O)O	0.029	-1.379	121.21	400.144335564	0.5328459834808692
CN(C)CCc1cccc(SC2=C[N]c3c2nc[nH]c3=O)c1CNCC(=O)O	0.014	-1.085	112.42	400.144335564	0.582953824434677
CC(C)NCc1cccc(SC2=C[N]c3c2nc[nH]c3=O)c1CNCC(=O)O	-0.047	-1.577	121.21	400.144335564	0.5061593334980753
CCNCc1cccc(SC2=C[N]c3c2nc[nH]c3=O)c1CN(C)CC(=O)O	-0.074	-1.168	112.42	400.144335564	0.5875660006237365
CNCCc1cccc(SC2=C[N]c3c2nc[nH]c3=O)c1CN(C)CC(=O)O	-0.089	-1.094	112.42	400.144335564	0.582953824434677
CC(C)(NCc1c(CCN)cccc1SC1=C[N]c2c1nc[nH]c2=O)C(=O)O	-0.161	-1.089	135.19999999999996	400.144335564	0.5279536358550253
CC(C)(N)Cc1cccc(SC2=C[N]c3c2nc[nH]c3=O)c1CNCC(=O)O	-0.274	-0.861	135.2	400.144335564	0.5279536358550253
CN(C)CCc1cccc(SC2=C[N]c3c2nc[nH]c3=O)c1CC(N)C(=O)O	-0.561	-0.497	126.41	400.144335564	0.6069446438886011
CC(C)NCc1cccc(SC2=C[N]c3c2nc[nH]c3=O)c1CC(N)C(=O)O	-0.561	-0.918	135.2	400.144335564	0.5279345781224802
CNCCN(CC(=O)O)Cc1c(C)cccc1SC1=C[N]c2c1nc[nH]c2=O	0.396	-1.021	112.42000000000002	400.1443355640001	0.5849647113695831
CN(CCC(=O)O)Cc1c(CCN)cccc1SC1=C[N]c2c1nc[nH]c2=O	-0.054	-0.881	126.41	400.1443355640001	0.5823085265814346
Cc1cccc(SC2=C[N]c3c2nc[nH]c3=O)c1CCNC(=O)OCC(=O)O	1.732	-1.516	135.48	401.0919656439999	0.6431972669139298
Cc1cccc(SC2=C[N]c3c2nc[nH]c3=O)c1CCN(CC(=O)O)C(=O)O	1.043	-2.108	137.69	401.0919656439999	0.6451500991546056
Cc1cccc(SC2=C[N]c3c2nc[nH]c3=O)c1CN(CCC(=O)O)C(=O)O	0.826	-2.035	137.69	401.0919656439999	0.6473503456306651
CNCc1cccc(SC2=C[N]c3c2nc[nH]c3=O)c1CC(=O)OCC(=O)O	0.611	-1.889	135.48	401.0919656439999	0.5576051890263449
Cc1cccc(SC2=C[N]c3c2nc[nH]c3=O)c1CNCC(=O)OCC(=O)O	0.196	-1.751	135.48	401.0919656439999	0.5604113660925846
CNC(=O)Cc1cccc(SC2=C[N]c3c2nc[nH]c3=O)c1COCC(=O)O	-0.05	-1.703	135.48	401.0919656439999	0.6002879856080968
Cc1cccc(SC2=C[N]c3c2nc[nH]c3=O)c1CN(CC(=O)O)CC(=O)O	-0.583	-1.719	137.69	401.0919656439999	0.6032719544455702
COC(=O)NCc1cccc(SC2=C[N]c3c2nc[nH]c3=O)c1CCC(=O)O	1.726	-1.426	135.47999999999996	401.091965644	0.6453257034636171
CNC(=O)OCc1cccc(SC2=C[N]c3c2nc[nH]c3=O)c1CCC(=O)O	1.674	-1.466	135.47999999999996	401.091965644	0.6453257034636171
COCc1cccc(SC2=C[N]c3c2nc[nH]c3=O)c1CC(=O)NCC(=O)O	0.102	-1.88	135.48	401.091965644	0.6002879856080968
COC(=O)Cc1cccc(SC2=C[N]c3c2nc[nH]c3=O)c1CNCC(=O)O	-0.2	-1.672	135.48	401.091965644	0.5576051890263451
CN(Cc1c(CCC(=O)O)cccc1SC1=C[N]c2c1nc[nH]c2=O)C(=O)O	1.11	-2.073	137.68999999999997	401.091965644	0.646642600413545
CN(CCc1c(CC(=O)O)cccc1SC1=C[N]c2c1nc[nH]c2=O)C(=O)O	0.961	-2.135	137.68999999999997	401.091965644	0.6439171920136683
CN(CCO)Cc1cccc(SC2=C[N]c3c2nc[nH]c3=O)c1CCC(=O)O	1.109	-1.06	120.62	401.128351152	0.5828721884474023
CN(C)CCc1cccc(SC2=C[N]c3c2nc[nH]c3=O)c1COCC(=O)O	0.889	-1.033	109.62000000000002	401.128351152	0.6593907053255974
Cc1cccc(SC2=C[N]c3c2nc[nH]c3=O)c1CN(CCO)CCC(=O)O	0.868	-1.118	120.62000000000002	401.128351152	0.584558105693085
CC(C)NCc1cccc(SC2=C[N]c3c2nc[nH]c3=O)c1COCC(=O)O	0.793	-1.435	118.41	401.128351152	0.5893612522251498
CNCc1cccc(SC2=C[N]c3c2nc[nH]c3=O)c1COC(C)(C)C(=O)O	0.67	-1.446	118.41	401.128351152	0.6204346246015056
CC(C)(N)Cc1cccc(SC2=C[N]c3c2nc[nH]c3=O)c1COCC(=O)O	0.561	-0.81	132.4	401.128351152	0.6159695978198942
Cc1cccc(SC2=C[N]c3c2nc[nH]c3=O)c1CN(CCCO)CC(=O)O	0.542	-0.984	120.62000000000002	401.128351152	0.584558105693085
COCc1cccc(SC2=C[N]c3c2nc[nH]c3=O)c1CNC(C)(C)C(=O)O	0.691	-1.064	118.41	401.128351152	0.6204346246015056
CC(C)(OCc1c(CCN)cccc1SC1=C[N]c2c1nc[nH]c2=O)C(=O)O	0.522	-1.221	132.39999999999998	401.128351152	0.6159695978198944
CC(C)(NCc1c(CCO)cccc1SC1=C[N]c2c1nc[nH]c2=O)C(=O)O	0.36	-1.27	129.40999999999997	401.128351152	0.5285404708205892
COCCN(CC(=O)O)Cc1c(C)cccc1SC1=C[N]c2c1nc[nH]c2=O	0.994	-0.778	109.61999999999998	401.1283511520001	0.6607825320051921
CN(CCC(=O)O)Cc1c(CCO)cccc1SC1=C[N]c2c1nc[nH]c2=O	0.42	-1.153	120.62	401.1283511520001	0.5828721884474024
CN(CC(=O)O)Cc1c(CCCO)cccc1SC1=C[N]c2c1nc[nH]c2=O	0.246	-0.984	120.62	401.1283511520001	0.5828721884474024
CC(=O)Cc1cccc(SC2=C[N]c3c2nc[nH]c3=O)c1CSCC(=O)O	1.538	-1.587	114.22	402.0582229919999	0.6972543509710503
Cc1cccc(SC2=C[N]c3c2nc[nH]c3=O)c1COCC(=O)OCC(=O)O	1.015	-1.461	132.68	402.07598123199983	0.6358337540461313
COCc1cccc(SC2=C[N]c3c2nc[nH]c3=O)c1CC(=O)OCC(=O)O	1.29	-1.518	132.68	402.0759812319999	0.6337343654780445
COC(=O)Cc1cccc(SC2=C[N]c3c2nc[nH]c3=O)c1COCC(=O)O	0.83	-1.465	132.68	402.0759812319999	0.6337343654780446
CCCCc1cccc(SC2=C[N]c3c2nc[nH]c3=O)c1CSCC(=O)O	3.746	-0.41	97.15	402.0946085	0.6626036008233392
CC(C)Cc1cccc(SC2=C[N]c3c2nc[nH]c3=O)c1CSCC(=O)O	3.557	-0.577	97.15	402.0946085	0.6998096296918086
COCc1cccc(SC2=C[N]c3c2nc[nH]c3=O)c1COC(C)(C)C(=O)O	1.353	-0.995	115.61	402.1123667399999	0.6971841741484511
CC(C)(OCc1c(CCO)cccc1SC1=C[N]c2c1nc[nH]c2=O)C(=O)O	1.051	-1.21	126.61	402.11236674	0.6164279223956448
CN(C)Cc1cccc(SC2=C[N]c3c2nc[nH]c3=O)c1CSCC(=O)O	1.328	-1.003	100.39	403.08985746799993	0.6982773636284693
CNCCc1cccc(SC2=C[N]c3c2nc[nH]c3=O)c1CSCC(=O)O	1.189	-1.473	109.18	403.08985746799993	0.5886989618093208
CCNCc1cccc(SC2=C[N]c3c2nc[nH]c3=O)c1CSCC(=O)O	1.168	-1.523	109.18	403.08985746799993	0.5901580859475747
O=C(O)CSCc1c(CC(=O)O)cccc1SC1=C[N]c2c1nc[nH]c2=O	1.114	-2.19	134.45	404.03748754800006	0.6084603648915735
O=C(O)CSCc1c(CCCO)cccc1SC1=C[N]c2c1nc[nH]c2=O	1.6	-1.22	117.38	404.0738730560001	0.5870986511775609
CS(=O)(=O)Cc1cccc(SC2=C[N]c3c2nc[nH]c3=O)c1CCC(=O)O	0.515	-1.42	131.29	406.053137612	0.7147771762862802
CC(Cc1c(Cc2ccco2)cccc1SC1=C[N]c2c1nc[nH]c2=O)C(=O)O	3.775	-0.508	110.29	408.101802056	0.6184834990851816
O=C(O)CCCc1c(Cc2ccco2)cccc1SC1=C[N]c2c1nc[nH]c2=O	3.591	-0.385	110.29	408.10180205600005	0.5879752974208541
CC(Cc1c(Cn2ccnc2)cccc1SC1=C[N]c2c1nc[nH]c2=O)C(=O)O	1.947	-1.372	114.97	408.113035436	0.6209725620748271
O=C(O)CCCc1c(Cn2ccnc2)cccc1SC1=C[N]c2c1nc[nH]c2=O	1.744	-1.286	114.97	408.1130354360001	0.5922084268816165
NC(Cc1c(Cc2ccco2)cccc1SC1=C[N]c2c1nc[nH]c2=O)C(=O)O	0.519	-0.23	136.30999999999997	409.097051024	0.5442224264078461
O=C(O)CNCc1c(Cc2ccco2)cccc1SC1=C[N]c2c1nc[nH]c2=O	1.257	-0.905	122.32	409.09705102400005	0.5222468223377247
CC(Cc1c(Cn2cncn2)cccc1SC1=C[N]c2c1nc[nH]c2=O)C(=O)O	1.298	-1.477	127.86	409.108284404	0.6107579358711906
O=C(O)CCCc1c(Cn2cncn2)cccc1SC1=C[N]c2c1nc[nH]c2=O	1.121	-1.401	127.86	409.1082844040001	0.5832835163152447
O=C(O)CNCc1c(Cn2ccnc2)cccc1SC1=C[N]c2c1nc[nH]c2=O	-0.299	-1.616	127.0	409.1082844040001	0.5147750260563905
O=C(O)CCc1c(Cc2cccs2)cccc1SC1=C[N]c2c1nc[nH]c2=O	3.532	-0.653	97.14999999999998	410.0633083720001	0.6177811912922984
O=C(O)COCc1c(Cc2ccco2)cccc1SC1=C[N]c2c1nc[nH]c2=O	2.332	-0.68	119.52	410.081066612	0.5858127616117679
O=C(O)COCc1c(Cn2ccnc2)cccc1SC1=C[N]c2c1nc[nH]c2=O	0.582	-1.437	124.2	410.0922999920001	0.5815223760196417
O=C(O)CNCc1c(Cn2cncn2)cccc1SC1=C[N]c2c1nc[nH]c2=O	-0.737	-1.729	139.89	410.103533372	0.4980774470543115
Cc1cccc(SC2=C[N]c3c2nc[nH]c3=O)c1CCN(CCC#N)CC(=O)O	1.079	-0.916	124.18	410.1286855	0.6495520424584732
O=C(O)COCc1c(Cn2cncn2)cccc1SC1=C[N]c2c1nc[nH]c2=O	0.059	-1.699	137.09	411.0875489600001	0.566628369661434
Cc1cccc(SC2=C[N]c3c2nc[nH]c3=O)c1CN(CC(=O)O)C(=O)C1CC1	1.824	-1.451	117.46	411.112701088	0.7215241559091132
CC(=O)Cc1cccc(SC2=C[N]c3c2nc[nH]c3=O)c1CN1CC(C(=O)O)C1	0.681	-1.217	117.46	411.112701088	0.7127127665215565
Cc1cccc(SC2=C[N]c3c2nc[nH]c3=O)c1CN(CCC1CC1)CC(=O)O	3.336	-0.436	100.39	411.149086596	0.6576132520935061
CC(Cc1c(CNCC2CC2)cccc1SC1=C[N]c2c1nc[nH]c2=O)C(=O)O	3.109	-0.919	109.18	411.149086596	0.585385942897208
Cc1cccc(SC2=C[N]c3c2nc[nH]c3=O)c1CN(CCC(=O)O)CC1CC1	2.836	-0.65	100.39	411.149086596	0.6576132520935061
CCCCc1cccc(SC2=C[N]c3c2nc[nH]c3=O)c1CN1CC(C(=O)O)C1	2.801	-0.323	100.39	411.149086596	0.6926651184253777
Cc1cccc(SC2=C[N]c3c2nc[nH]c3=O)c1CN(CC(=O)O)CC1CCC1	2.749	-0.383	100.39	411.149086596	0.6922851301390641
CC(Cc1c(CNC2CCC2)cccc1SC1=C[N]c2c1nc[nH]c2=O)C(=O)O	2.712	-0.995	109.18	411.149086596	0.6160492560452347
CC(Cc1c(CN2CCCC2)cccc1SC1=C[N]c2c1nc[nH]c2=O)C(=O)O	2.707	-0.583	100.39	411.149086596	0.7265179942997906
Cc1cccc(SC2=C[N]c3c2nc[nH]c3=O)c1CCN(CCC(=O)O)C1CC1	2.66	-0.839	100.39	411.149086596	0.6580696384467162
CC(C)Cc1cccc(SC2=C[N]c3c2nc[nH]c3=O)c1CN1CC(C(=O)O)C1	2.634	-0.485	100.39	411.149086596	0.7266689990205052
O=C(O)CCCc1c(CNCC2CC2)cccc1SC1=C[N]c2c1nc[nH]c2=O	2.895	-0.768	109.17999999999998	411.1490865960001	0.5544582838360658
O=C(O)CCCc1c(CNC2CCC2)cccc1SC1=C[N]c2c1nc[nH]c2=O	2.498	-0.854	109.17999999999998	411.1490865960001	0.5847710045578303
O=C(O)CCCc1c(CN2CCCC2)cccc1SC1=C[N]c2c1nc[nH]c2=O	2.439	-0.464	100.39	411.1490865960001	0.6922549256618523
CC(=O)Cc1cccc(SC2=C[N]c3c2nc[nH]c3=O)c1CC(=O)CCC(=O)O	1.132	-1.461	131.29	412.0967166759999	0.6453456352223859
CCCCc1cccc(SC2=C[N]c3c2nc[nH]c3=O)c1CC(=O)CCC(=O)O	3.158	-0.369	114.22	412.1331021839999	0.6178630741915226
CC(C)Cc1cccc(SC2=C[N]c3c2nc[nH]c3=O)c1CC(=O)CCC(=O)O	2.984	-0.525	114.22	412.1331021839999	0.6531776536307456
CC(=O)Cc1cccc(SC2=C[N]c3c2nc[nH]c3=O)c1CC(C)(C)CC(=O)O	2.754	-0.752	114.22	412.1331021839999	0.6876156700129779
CC(=O)Cc1cccc(SC2=C[N]c3c2nc[nH]c3=O)c1CCC(C)(C)C(=O)O	2.583	-0.733	114.22	412.1331021839999	0.6876156700129779
CC(=O)CCc1cccc(SC2=C[N]c3c2nc[nH]c3=O)c1CC(C)(C)C(=O)O	2.587	-0.725	114.22	412.133102184	0.6876156700129779
CN(C)Cc1cccc(SC2=C[N]c3c2nc[nH]c3=O)c1CN1CC(C(=O)O)C1	0.622	-0.678	103.63	412.144335564	0.7131329478704345
CNCCc1cccc(SC2=C[N]c3c2nc[nH]c3=O)c1CN1CC(C(=O)O)C1	0.45	-0.896	112.42	412.144335564	0.6005122971878846
CCNCc1cccc(SC2=C[N]c3c2nc[nH]c3=O)c1CN1CC(C(=O)O)C1	0.437	-0.978	112.42	412.144335564	0.6052633913607607
NC(Cc1c(CNCC2CC2)cccc1SC1=C[N]c2c1nc[nH]c2=O)C(=O)O	-0.098	-0.784	135.19999999999996	412.144335564	0.4907435957416633
NC(Cc1c(CNC2CCC2)cccc1SC1=C[N]c2c1nc[nH]c2=O)C(=O)O	-0.224	-0.684	135.19999999999996	412.144335564	0.5181543413800865
NC(Cc1c(CN2CCCC2)cccc1SC1=C[N]c2c1nc[nH]c2=O)C(=O)O	-0.281	-0.271	126.40999999999998	412.144335564	0.6311349182487297
O=C(O)CNCc1c(CNCC2CC2)cccc1SC1=C[N]c2c1nc[nH]c2=O	0.618	-1.369	121.21	412.1443355640001	0.4692919842706294
O=C(O)CNCc1c(CNC2CCC2)cccc1SC1=C[N]c2c1nc[nH]c2=O	0.36	-1.33	121.21	412.1443355640001	0.4964397665344466
O=C(O)CNCc1c(CN2CCCC2)cccc1SC1=C[N]c2c1nc[nH]c2=O	0.276	-0.783	112.42	412.1443355640001	0.6067502262090123
CCCCc1cccc(SC2=C[N]c3c2nc[nH]c3=O)c1CC(C)(C)CC(=O)O	4.847	0.451	97.15	412.1694876919999	0.6320928572624857
CC(C)CCc1cccc(SC2=C[N]c3c2nc[nH]c3=O)c1CC(C)(C)C(=O)O	4.846	0.407	97.15	412.1694876919999	0.6716437957790498
CC(C)Cc1cccc(SC2=C[N]c3c2nc[nH]c3=O)c1CC(C)(C)CC(=O)O	4.692	0.292	97.15	412.1694876919999	0.6716437957790498
CCCCc1cccc(SC2=C[N]c3c2nc[nH]c3=O)c1CCC(C)(C)C(=O)O	4.674	0.542	97.15	412.1694876919999	0.6320928572624857
CC(C)Cc1cccc(SC2=C[N]c3c2nc[nH]c3=O)c1CCC(C)(C)C(=O)O	4.514	0.388	97.15	412.1694876919999	0.6716437957790498
O=C(O)Cc1cccc(SC2=C[N]c3c2nc[nH]c3=O)c1CN(C(=O)O)C1CC1	1.631	-1.963	137.68999999999997	413.091965644	0.6334158521425896
O=C(O)Cc1cccc(SC2=C[N]c3c2nc[nH]c3=O)c1CN1CC(C(=O)O)C1	0.14	-1.679	137.68999999999997	413.091965644	0.6166678838469817
CCCCc1cccc(SC2=C[N]c3c2nc[nH]c3=O)c1CC(=O)NCC(=O)O	2.008	-1.212	126.25	413.128351152	0.5784612807685172
CC(C)Cc1cccc(SC2=C[N]c3c2nc[nH]c3=O)c1CC(=O)NCC(=O)O	1.843	-1.369	126.25	413.128351152	0.6079914467292074
CC(=O)NCCc1cccc(SC2=C[N]c3c2nc[nH]c3=O)c1CC(C)C(=O)O	1.811	-1.403	126.25	413.128351152	0.6079914467292074
CC(=O)N(C)Cc1cccc(SC2=C[N]c3c2nc[nH]c3=O)c1CC(C)C(=O)O	1.725	-1.518	117.46	413.128351152	0.7194723601913906
CC(=O)NCCc1cccc(SC2=C[N]c3c2nc[nH]c3=O)c1CCCC(=O)O	1.601	-1.274	126.25	413.128351152	0.5784612807685172
CC(=O)N(C)Cc1cccc(SC2=C[N]c3c2nc[nH]c3=O)c1CCCC(=O)O	1.533	-1.403	117.46	413.128351152	0.6865573135029396
CNC(=O)Cc1cccc(SC2=C[N]c3c2nc[nH]c3=O)c1CC(C)(C)C(=O)O	1.448	-1.372	126.25	413.128351152	0.6377060352530494
Cc1cccc(SC2=C[N]c3c2nc[nH]c3=O)c1CC(=O)NC(C(=O)O)C(C)C	1.439	-1.412	126.25	413.128351152	0.6386613381912479
CN(C)Cc1cccc(SC2=C[N]c3c2nc[nH]c3=O)c1CC(=O)CCC(=O)O	0.9	-1.272	117.46	413.128351152	0.6466310853982545
CCNCc1cccc(SC2=C[N]c3c2nc[nH]c3=O)c1CC(=O)CCC(=O)O	0.788	-1.7	126.25	413.128351152	0.5448971695565772
CNCCc1cccc(SC2=C[N]c3c2nc[nH]c3=O)c1CC(=O)CCC(=O)O	0.759	-1.645	126.25	413.128351152	0.5424602021497921
CC(=O)Cc1cccc(SC2=C[N]c3c2nc[nH]c3=O)c1CCN(C)CC(=O)O	0.647	-1.247	117.46	413.128351152	0.6435400533772153
CC(=O)Cc1cccc(SC2=C[N]c3c2nc[nH]c3=O)c1CNC(C)(C)C(=O)O	0.55	-1.56	126.25	413.128351152	0.6054130411992465
CC(=O)NCCC(Cc1c(C)cccc1SC1=C[N]c2c1nc[nH]c2=O)C(=O)O	1.619	-1.406	126.25	413.128351152	0.6089119425310461
CC(=O)CN(CCc1c(C)cccc1SC1=C[N]c2c1nc[nH]c2=O)CC(=O)O	1.033	-1.13	117.46	413.128351152	0.6449245212333696
CC(=O)CCc1cccc(SC2=C[N]c3c2nc[nH]c3=O)c1CN(C)CC(=O)O	0.465	-1.206	117.46	413.128351152	0.6466310853982546
CC(=O)N(CCCC(=O)O)Cc1c(C)cccc1SC1=C[N]c2c1nc[nH]c2=O	1.573	-1.342	117.46	413.1283511520001	0.6869299178487499
O=C(O)COCc1c(CNCC2CC2)cccc1SC1=C[N]c2c1nc[nH]c2=O	1.565	-1.245	118.41	413.1283511520001	0.5463702779725768
CCCN(CC(=O)O)C(=O)Cc1c(C)cccc1SC1=C[N]c2c1nc[nH]c2=O	1.565	-1.402	117.46	413.1283511520001	0.68558601150772
O=C(O)COCc1c(CNC2CCC2)cccc1SC1=C[N]c2c1nc[nH]c2=O	1.227	-1.187	118.41	413.1283511520001	0.5773470651283202
O=C(O)COCc1c(CN2CCCC2)cccc1SC1=C[N]c2c1nc[nH]c2=O	1.196	-0.737	109.62	413.1283511520001	0.6832799803255613
CC(=O)CN(CCC(=O)O)Cc1c(C)cccc1SC1=C[N]c2c1nc[nH]c2=O	1.077	-1.303	117.46	413.1283511520001	0.6474665868251411
O=C(O)C1CN(Cc2c(CCCO)cccc2SC2=C[N]c3c2nc[nH]c3=O)C1	0.771	-0.805	120.62	413.1283511520001	0.6003661700948735
CC(=O)CCN(CC(=O)O)Cc1c(C)cccc1SC1=C[N]c2c1nc[nH]c2=O	0.671	-1.269	117.46	413.1283511520001	0.6474665868251411
CCN(CC)Cc1cccc(SC2=C[N]c3c2nc[nH]c3=O)c1CC(C)C(=O)O	2.899	-0.847	100.39	413.16473666	0.6546820027438014
Cc1cccc(SC2=C[N]c3c2nc[nH]c3=O)c1CN(CCC(C)C)CC(=O)O	2.886	-0.393	100.39	413.16473666	0.653842397555681
CC(C)CNCc1cccc(SC2=C[N]c3c2nc[nH]c3=O)c1CC(C)C(=O)O	2.856	-0.837	109.18	413.16473666	0.582728677612477
CCCCN(CCc1c(C)cccc1SC1=C[N]c2c1nc[nH]c2=O)CC(=O)O	2.796	-0.365	100.39	413.16473666	0.6205922300734971
Cc1cccc(SC2=C[N]c3c2nc[nH]c3=O)c1CN(CCCC(=O)O)C(C)C	2.781	-0.868	100.39	413.16473666	0.6526173914828496
Cc1cccc(SC2=C[N]c3c2nc[nH]c3=O)c1CN(CCC(=O)O)CC(C)C	2.704	-0.627	100.39	413.16473666	0.653842397555681
CC(Cc1c(CCCN(C)C)cccc1SC1=C[N]c2c1nc[nH]c2=O)C(=O)O	2.689	-0.713	100.39	413.16473666	0.6556346079503445
CC(Cc1c(CNC(C)(C)C)cccc1SC1=C[N]c2c1nc[nH]c2=O)C(=O)O	2.668	-1.07	109.18	413.16473666	0.6427708911931582
CCN(CC)Cc1cccc(SC2=C[N]c3c2nc[nH]c3=O)c1CCCC(=O)O	2.631	-0.715	100.39	413.16473666	0.6194474169447831
Cc1cccc(SC2=C[N]c3c2nc[nH]c3=O)c1CCN(CC(=O)O)CC(C)C	2.627	-0.433	100.39	413.16473666	0.6554448302283531
CC(C)Cc1cccc(SC2=C[N]c3c2nc[nH]c3=O)c1CCN(C)CC(=O)O	2.624	-0.43	100.39	413.16473666	0.6556346079503442
CC(C)CNCc1cccc(SC2=C[N]c3c2nc[nH]c3=O)c1CCCC(=O)O	2.617	-0.682	109.18	413.16473666	0.5515474906386328
CN(C)Cc1cccc(SC2=C[N]c3c2nc[nH]c3=O)c1CC(C)(C)CC(=O)O	2.602	-0.64	100.39	413.16473666	0.6891993341471642
CC(C)Cc1cccc(SC2=C[N]c3c2nc[nH]c3=O)c1CN(C)CCC(=O)O	2.588	-0.591	100.39	413.16473666	0.6546820027438013
CCCCc1cccc(SC2=C[N]c3c2nc[nH]c3=O)c1CNC(C)(C)C(=O)O	2.573	-0.515	109.18	413.16473666	0.5812304921952365
CN(C)CCc1cccc(SC2=C[N]c3c2nc[nH]c3=O)c1CC(C)(C)C(=O)O	2.534	-0.714	100.39	413.16473666	0.690202164332358
Cc1cccc(SC2=C[N]c3c2nc[nH]c3=O)c1CN(CCC(=O)O)C(C)(C)C	2.526	-0.996	100.39	413.16473666	0.7206031354672549
CNCCc1cccc(SC2=C[N]c3c2nc[nH]c3=O)c1CC(C)(C)CC(=O)O	2.496	-0.94	109.18	413.16473666	0.5831627391171303
Cc1cccc(SC2=C[N]c3c2nc[nH]c3=O)c1CCN(CCC(=O)O)C(C)C	2.493	-0.909	100.39	413.16473666	0.6549984767828377
CC(C)(C)NCc1cccc(SC2=C[N]c3c2nc[nH]c3=O)c1CCCC(=O)O	2.448	-0.935	109.18	413.16473666	0.6118751799012674
CCNCc1cccc(SC2=C[N]c3c2nc[nH]c3=O)c1CC(C)(C)CC(=O)O	2.448	-0.991	109.18	413.16473666	0.5821199938475127
CCCN(CCCc1c(C)cccc1SC1=C[N]c2c1nc[nH]c2=O)CC(=O)O	2.432	-0.447	100.39	413.16473666	0.6205922300734971
CN(C)Cc1cccc(SC2=C[N]c3c2nc[nH]c3=O)c1CCC(C)(C)C(=O)O	2.429	-0.652	100.39	413.16473666	0.6891993341471642
CN(C)CCCc1cccc(SC2=C[N]c3c2nc[nH]c3=O)c1CCCC(=O)O	2.421	-0.567	100.39	413.16473666	0.6210042653926252
CC(C)NCc1cccc(SC2=C[N]c3c2nc[nH]c3=O)c1CC(C)(C)C(=O)O	2.411	-1.108	109.18	413.16473666	0.6128203003392876
CC(C)Cc1cccc(SC2=C[N]c3c2nc[nH]c3=O)c1CNC(C)(C)C(=O)O	2.408	-0.686	109.18	413.16473666	0.6128203003392876
Cc1cccc(SC2=C[N]c3c2nc[nH]c3=O)c1CC(CCCN(C)C)C(=O)O	2.364	-0.71	100.39	413.16473666	0.6554448302283531
CNCCc1cccc(SC2=C[N]c3c2nc[nH]c3=O)c1CCC(C)(C)C(=O)O	2.319	-0.953	109.18	413.16473666	0.5831627391171303
CCNCc1cccc(SC2=C[N]c3c2nc[nH]c3=O)c1CCC(C)(C)C(=O)O	2.298	-0.992	109.18	413.16473666	0.5821199938475127
CC(C)(N)Cc1cccc(SC2=C[N]c3c2nc[nH]c3=O)c1CC(C)(C)C(=O)O	2.115	-0.74	123.17	413.16473666	0.6409717620869887
CCCN(CCCC(=O)O)Cc1c(C)cccc1SC1=C[N]c2c1nc[nH]c2=O	2.85	-0.596	100.39	413.1647366600001	0.6183272796112407
CCCCN(CCC(=O)O)Cc1c(C)cccc1SC1=C[N]c2c1nc[nH]c2=O	2.728	-0.562	100.39	413.1647366600001	0.6183272796112407
CCCN(CCC(=O)O)CCc1c(C)cccc1SC1=C[N]c2c1nc[nH]c2=O	2.505	-0.676	100.39	413.1647366600001	0.6205922300734971
CCCCc1cccc(SC2=C[N]c3c2nc[nH]c3=O)c1CC(=O)OCC(=O)O	3.282	-0.883	123.45	414.1123667399999	0.6045805622599706
CC(C)Cc1cccc(SC2=C[N]c3c2nc[nH]c3=O)c1CC(=O)OCC(=O)O	3.096	-1.037	123.45	414.1123667399999	0.63607265616698
Cc1cccc(SC2=C[N]c3c2nc[nH]c3=O)c1CC(CCCC(=O)O)C(=O)O	2.103	-1.399	134.45	414.1123667399999	0.5740572453351206
CC(=O)Cc1cccc(SC2=C[N]c3c2nc[nH]c3=O)c1COC(C)(C)C(=O)O	1.283	-1.427	123.45	414.1123667399999	0.6803636464525268
COC(=O)Cc1cccc(SC2=C[N]c3c2nc[nH]c3=O)c1CC(C)(C)C(=O)O	2.336	-1.112	123.45	414.1123667399999	0.6671596679184585
COC(=O)CCc1cccc(SC2=C[N]c3c2nc[nH]c3=O)c1CC(C)C(=O)O	2.715	-1.116	123.45	414.11236674	0.6360726561669802
CCOC(=O)Cc1cccc(SC2=C[N]c3c2nc[nH]c3=O)c1CC(C)C(=O)O	2.597	-1.113	123.45	414.11236674	0.6360726561669802
COC(=O)CCc1cccc(SC2=C[N]c3c2nc[nH]c3=O)c1CCCC(=O)O	2.504	-0.992	123.45	414.11236674	0.6045805622599706
CC(=O)OCCC(Cc1c(C)cccc1SC1=C[N]c2c1nc[nH]c2=O)C(=O)O	2.427	-1.129	123.45	414.11236674	0.6364404764900062
CCOC(=O)Cc1cccc(SC2=C[N]c3c2nc[nH]c3=O)c1CCCC(=O)O	2.425	-0.985	123.45	414.11236674	0.6045805622599706
CC(Cc1c(CCCC(=O)O)cccc1SC1=C[N]c2c1nc[nH]c2=O)C(=O)O	2.425	-1.406	134.44999999999996	414.11236674	0.5741043872423947
CC(C)(Cc1c(CCC(=O)O)cccc1SC1=C[N]c2c1nc[nH]c2=O)C(=O)O	2.299	-1.487	134.44999999999996	414.11236674	0.6043733595243855
O=C(O)CCCc1cccc(SC2=C[N]c3c2nc[nH]c3=O)c1CCCC(=O)O	2.224	-1.277	134.44999999999996	414.11236674	0.5439001578271575
CC(C)(CCc1c(CC(=O)O)cccc1SC1=C[N]c2c1nc[nH]c2=O)C(=O)O	2.134	-1.544	134.44999999999996	414.11236674	0.6043733595243855
CC(C)(CC(=O)O)Cc1c(CC(=O)O)cccc1SC1=C[N]c2c1nc[nH]c2=O	2.23	-1.538	134.45	414.1123667400001	0.6043733595243855
O=C(O)CCC(=O)Cc1c(CCCO)cccc1SC1=C[N]c2c1nc[nH]c2=O	1.227	-1.382	134.45	414.1123667400001	0.5411724930076371
CN(C)Cc1cccc(SC2=C[N]c3c2nc[nH]c3=O)c1CC(=O)NCC(=O)O	-0.125	-1.7	129.48999999999998	414.12360012	0.5854625115740256
CCNCc1cccc(SC2=C[N]c3c2nc[nH]c3=O)c1CC(=O)NCC(=O)O	-0.274	-2.183	138.27999999999997	414.12360012	0.4793674202926882
CNCCc1cccc(SC2=C[N]c3c2nc[nH]c3=O)c1CC(=O)NCC(=O)O	-0.322	-2.122	138.27999999999997	414.12360012	0.471637018775999
CC(=O)NCCc1cccc(SC2=C[N]c3c2nc[nH]c3=O)c1CNCC(=O)O	-0.436	-1.808	138.27999999999997	414.12360012	0.4793674202926883
CC(=O)N(C)Cc1cccc(SC2=C[N]c3c2nc[nH]c3=O)c1CNCC(=O)O	-0.542	-1.852	129.48999999999998	414.12360012	0.5928882156973092
CNC(=O)CN(CC(=O)O)Cc1c(C)cccc1SC1=C[N]c2c1nc[nH]c2=O	0.015	-1.256	129.49	414.1236001200001	0.5886388086548103
CCCCc1cccc(SC2=C[N]c3c2nc[nH]c3=O)c1COC(C)(C)C(=O)O	3.301	-0.214	106.38	414.1487522479999	0.6457773550100705
CC(C)Cc1cccc(SC2=C[N]c3c2nc[nH]c3=O)c1COC(C)(C)C(=O)O	3.129	-0.367	106.38	414.1487522479999	0.6822894477000114
CC(C)(CCc1c(CCCO)cccc1SC1=C[N]c2c1nc[nH]c2=O)C(=O)O	2.71	-0.626	117.38	414.148752248	0.5804073213181911
CC(C)(CC(=O)O)Cc1c(CCCO)cccc1SC1=C[N]c2c1nc[nH]c2=O	2.853	-0.653	117.38	414.1487522480001	0.5804073213181912
Cc1cccc(SC2=C[N]c3c2nc[nH]c3=O)c1CN(CCN(C)C)CC(=O)O	0.958	-0.674	103.63	414.159985628	0.6454619832195962
Cc1cccc(SC2=C[N]c3c2nc[nH]c3=O)c1CCN(CCN)CCC(=O)O	0.691	-0.806	126.41	414.159985628	0.5399239584716852
CN(C)Cc1cccc(SC2=C[N]c3c2nc[nH]c3=O)c1CCN(C)CC(=O)O	0.614	-0.761	103.63	414.159985628	0.6439506670213452
CCN(CC)Cc1cccc(SC2=C[N]c3c2nc[nH]c3=O)c1CNCC(=O)O	0.58	-1.128	112.42	414.159985628	0.545813849748516
CC(C)CNCc1cccc(SC2=C[N]c3c2nc[nH]c3=O)c1CNCC(=O)O	0.579	-1.388	121.21	414.159985628	0.4692640662774822
CN(C)Cc1cccc(SC2=C[N]c3c2nc[nH]c3=O)c1CN(C)CCC(=O)O	0.562	-0.864	103.63	414.159985628	0.647346266640434
Cc1cccc(SC2=C[N]c3c2nc[nH]c3=O)c1CCN(CCCN)CC(=O)O	0.523	-0.712	126.41	414.159985628	0.5399239584716852
CN(C)CCc1cccc(SC2=C[N]c3c2nc[nH]c3=O)c1CN(C)CC(=O)O	0.487	-0.756	103.63	414.159985628	0.6439506670213453
CN(C)Cc1cccc(SC2=C[N]c3c2nc[nH]c3=O)c1CNC(C)(C)C(=O)O	0.473	-0.968	112.42	414.159985628	0.6064303765651867
CNCCc1cccc(SC2=C[N]c3c2nc[nH]c3=O)c1CCN(C)CC(=O)O	0.429	-1.007	112.42	414.159985628	0.5390561489799209
CC(C)(C)NCc1cccc(SC2=C[N]c3c2nc[nH]c3=O)c1CNCC(=O)O	0.421	-1.356	121.21	414.159985628	0.5222391855664048
CCNCc1cccc(SC2=C[N]c3c2nc[nH]c3=O)c1CN(C)CCC(=O)O	0.395	-1.229	112.42	414.159985628	0.5458138497485159
Cc1cccc(SC2=C[N]c3c2nc[nH]c3=O)c1CN(CCCN)CCC(=O)O	0.394	-0.902	126.41	414.159985628	0.5428991941540453
CN(C)CCCc1cccc(SC2=C[N]c3c2nc[nH]c3=O)c1CNCC(=O)O	0.378	-1.011	112.42	414.159985628	0.543125980015604
CCNCc1cccc(SC2=C[N]c3c2nc[nH]c3=O)c1CNC(C)(C)C(=O)O	0.318	-1.393	121.21	414.159985628	0.4960837583236837
CNCCc1cccc(SC2=C[N]c3c2nc[nH]c3=O)c1CNC(C)(C)C(=O)O	0.308	-1.332	121.21	414.159985628	0.493790379024068
CC(C)CNCc1cccc(SC2=C[N]c3c2nc[nH]c3=O)c1CC(N)C(=O)O	-0.001	-0.892	135.2	414.159985628	0.4912735701966171
CCN(CC)Cc1cccc(SC2=C[N]c3c2nc[nH]c3=O)c1CC(N)C(=O)O	-0.032	-0.558	126.41	414.159985628	0.5719105734050517
CC(C)(C)NCc1cccc(SC2=C[N]c3c2nc[nH]c3=O)c1CC(N)C(=O)O	-0.157	-0.734	135.2	414.159985628	0.5436535289247838
CN(C)CCCc1cccc(SC2=C[N]c3c2nc[nH]c3=O)c1CC(N)C(=O)O	-0.201	-0.406	126.41	414.159985628	0.568204317771585
CN(CC(=O)O)Cc1c(CC(C)(C)N)cccc1SC1=C[N]c2c1nc[nH]c2=O	0.185	-0.514	126.41	414.1599856280001	0.6020638794568065
Cc1cccc(SC2=C[N]c3c2nc[nH]c3=O)c1CC(C)NC(=O)OCC(=O)O	2.098	-1.461	135.48	415.1076157079999	0.6303606571001203
Cc1cccc(SC2=C[N]c3c2nc[nH]c3=O)c1CN(CCCC(=O)O)C(=O)O	1.263	-1.829	137.69	415.1076157079999	0.602516320901955
Cc1cccc(SC2=C[N]c3c2nc[nH]c3=O)c1CCCN(CC(=O)O)C(=O)O	1.256	-1.951	137.69	415.1076157079999	0.6017677529409166
Cc1cccc(SC2=C[N]c3c2nc[nH]c3=O)c1CCN(CCC(=O)O)C(=O)O	1.21	-1.902	137.69	415.1076157079999	0.6017677529409166
CN(C)Cc1cccc(SC2=C[N]c3c2nc[nH]c3=O)c1CC(=O)OCC(=O)O	0.967	-1.436	126.69	415.1076157079999	0.6186830860692266
CCNCc1cccc(SC2=C[N]c3c2nc[nH]c3=O)c1CC(=O)OCC(=O)O	0.864	-1.897	135.48	415.1076157079999	0.5229700847288578
CNCCc1cccc(SC2=C[N]c3c2nc[nH]c3=O)c1CC(=O)OCC(=O)O	0.843	-1.849	135.48	415.1076157079999	0.517144901992241
CC(=O)NCCc1cccc(SC2=C[N]c3c2nc[nH]c3=O)c1COCC(=O)O	0.469	-1.642	135.48	415.1076157079999	0.5630016808906517
CC(=O)N(C)Cc1cccc(SC2=C[N]c3c2nc[nH]c3=O)c1COCC(=O)O	0.386	-1.672	126.69	415.1076157079999	0.6715818365588199
Cc1cccc(SC2=C[N]c3c2nc[nH]c3=O)c1CN(CCC(=O)O)CC(=O)O	0.09	-1.796	137.69	415.1076157079999	0.5634302081474284
COC(=O)NCc1cccc(SC2=C[N]c3c2nc[nH]c3=O)c1CC(C)C(=O)O	2.183	-1.362	135.47999999999996	415.107615708	0.6307885468823308
CNC(=O)OCc1cccc(SC2=C[N]c3c2nc[nH]c3=O)c1CC(C)C(=O)O	2.141	-1.404	135.47999999999996	415.107615708	0.6307885468823308
COC(=O)NCc1cccc(SC2=C[N]c3c2nc[nH]c3=O)c1CCCC(=O)O	2.008	-1.263	135.47999999999996	415.107615708	0.6020984670717365
CNC(=O)OCc1cccc(SC2=C[N]c3c2nc[nH]c3=O)c1CCCC(=O)O	1.986	-1.304	135.47999999999996	415.107615708	0.6020984670717365
COC(=O)Cc1cccc(SC2=C[N]c3c2nc[nH]c3=O)c1CN(C)CC(=O)O	0.244	-1.182	126.69	415.107615708	0.6186830860692267
CC(C)N(Cc1c(CC(=O)O)cccc1SC1=C[N]c2c1nc[nH]c2=O)C(=O)O	1.453	-2.047	137.68999999999997	415.107615708	0.6317951323648785
CN(CCc1c(CCC(=O)O)cccc1SC1=C[N]c2c1nc[nH]c2=O)C(=O)O	1.421	-1.95	137.68999999999997	415.107615708	0.6011652967111537
CN(Cc1c(CCCC(=O)O)cccc1SC1=C[N]c2c1nc[nH]c2=O)C(=O)O	1.408	-1.89	137.68999999999997	415.107615708	0.6023588702478355
CN(CCCc1c(CC(=O)O)cccc1SC1=C[N]c2c1nc[nH]c2=O)C(=O)O	1.168	-2.0	137.68999999999997	415.107615708	0.6011652967111537
COC(=O)CCc1cccc(SC2=C[N]c3c2nc[nH]c3=O)c1CNCC(=O)O	0.317	-1.563	135.48	415.107615708	0.5229700847288578
CCOC(=O)Cc1cccc(SC2=C[N]c3c2nc[nH]c3=O)c1CNCC(=O)O	0.269	-1.584	135.48	415.107615708	0.5229700847288579
CN(CCc1c(CC(=O)O)cccc1SC1=C[N]c2c1nc[nH]c2=O)CC(=O)O	0.225	-1.778	137.68999999999997	415.107615708	0.5571015494116883
CN(CC(=O)O)Cc1c(CCC(=O)O)cccc1SC1=C[N]c2c1nc[nH]c2=O	0.203	-1.728	137.69	415.1076157080001	0.5619672954002589
CN(CCC(=O)O)Cc1c(CC(=O)O)cccc1SC1=C[N]c2c1nc[nH]c2=O	0.158	-1.925	137.69	415.1076157080001	0.5619672954002589
Cc1cccc(SC2=C[N]c3c2nc[nH]c3=O)c1CN(CCO)CCCC(=O)O	1.551	-1.017	120.62000000000002	415.144001216	0.5431572326354358
CCN(CC)Cc1cccc(SC2=C[N]c3c2nc[nH]c3=O)c1COCC(=O)O	1.433	-1.025	109.62000000000002	415.144001216	0.6135676947095693
CC(C)CNCc1cccc(SC2=C[N]c3c2nc[nH]c3=O)c1COCC(=O)O	1.407	-1.28	118.41	415.144001216	0.5453271139915171
CN(CCO)Cc1cccc(SC2=C[N]c3c2nc[nH]c3=O)c1CCCC(=O)O	1.373	-0.939	120.62	415.144001216	0.5421908667361464
CC(C)(C)NCc1cccc(SC2=C[N]c3c2nc[nH]c3=O)c1COCC(=O)O	1.259	-1.218	118.41	415.144001216	0.6062922888033078
CN(C)CCCc1cccc(SC2=C[N]c3c2nc[nH]c3=O)c1COCC(=O)O	1.257	-0.926	109.62000000000002	415.144001216	0.6121036823741695
Cc1cccc(SC2=C[N]c3c2nc[nH]c3=O)c1CCN(CCO)CCC(=O)O	1.244	-1.018	120.62000000000002	415.144001216	0.5403060056771921
CN(C)Cc1cccc(SC2=C[N]c3c2nc[nH]c3=O)c1COC(C)(C)C(=O)O	1.097	-0.966	109.62000000000002	415.144001216	0.6817162419319263
Cc1cccc(SC2=C[N]c3c2nc[nH]c3=O)c1CN(CCCO)CCC(=O)O	0.976	-1.072	120.62000000000002	415.144001216	0.5431572326354358
CNCCc1cccc(SC2=C[N]c3c2nc[nH]c3=O)c1COC(C)(C)C(=O)O	0.956	-1.388	118.41	415.144001216	0.5746988743835569
CCNCc1cccc(SC2=C[N]c3c2nc[nH]c3=O)c1COC(C)(C)C(=O)O	0.941	-1.426	118.41	415.144001216	0.5759272103375491
CC(Cc1c(CN(C)CCO)cccc1SC1=C[N]c2c1nc[nH]c2=O)C(=O)O	1.612	-1.035	120.62	415.144001216	0.5709457163528104
COCCN(CCc1c(C)cccc1SC1=C[N]c2c1nc[nH]c2=O)CC(=O)O	1.494	-0.675	109.62	415.144001216	0.6106200140193573
CC(C)(NCc1c(CCCO)cccc1SC1=C[N]c2c1nc[nH]c2=O)C(=O)O	0.635	-1.192	129.40999999999997	415.144001216	0.4927241387918493
CC(=O)CCc1cccc(SC2=C[N]c3c2nc[nH]c3=O)c1CSCC(=O)O	1.815	-1.371	114.22	416.073873056	0.6457590714055805
COC(=O)CCc1cccc(SC2=C[N]c3c2nc[nH]c3=O)c1COCC(=O)O	1.292	-1.351	132.68	416.091631296	0.5916065857323511
CCOC(=O)Cc1cccc(SC2=C[N]c3c2nc[nH]c3=O)c1COCC(=O)O	1.286	-1.371	132.68	416.091631296	0.5916065857323511
CC(C)CCc1cccc(SC2=C[N]c3c2nc[nH]c3=O)c1CSCC(=O)O	4.151	-0.257	97.15	416.11025856399993	0.640831942348241
CC(C)(OCc1c(CCCO)cccc1SC1=C[N]c2c1nc[nH]c2=O)C(=O)O	1.348	-1.1	126.61	416.128016804	0.572807769452432
CN(CCO)Cc1cccc(SC2=C[N]c3c2nc[nH]c3=O)c1CNCC(=O)O	-0.579	-1.272	132.64999999999998	416.13925018399993	0.4451094627817183
CNC(=O)Cc1cccc(SC2=C[N]c3c2nc[nH]c3=O)c1CSCC(=O)O	0.749	-1.649	126.25	417.069122024	0.5967976252925187
CN(C)CCc1cccc(SC2=C[N]c3c2nc[nH]c3=O)c1CSCC(=O)O	1.745	-0.901	100.39	417.10550753199993	0.6465271897414678
CC(C)NCc1cccc(SC2=C[N]c3c2nc[nH]c3=O)c1CSCC(=O)O	1.639	-1.355	109.18	417.10550753199993	0.5754037258231408
CC(C)(N)Cc1cccc(SC2=C[N]c3c2nc[nH]c3=O)c1CSCC(=O)O	1.385	-0.732	123.17	417.10550753199993	0.6032096614451254
CN(CCO)Cc1cccc(SC2=C[N]c3c2nc[nH]c3=O)c1COCC(=O)O	0.224	-1.188	129.85	417.1232657719999	0.5246324211395
Cc1cccc(SC2=C[N]c3c2nc[nH]c3=O)c1CSCC(=O)OCC(=O)O	1.905	-1.407	123.45	418.0531376119999	0.6259847204061088
COC(=O)Cc1cccc(SC2=C[N]c3c2nc[nH]c3=O)c1CSCC(=O)O	1.627	-1.379	123.45	418.0531376119999	0.6251703075487584
O=C(O)CCc1cccc(SC2=C[N]c3c2nc[nH]c3=O)c1CSCC(=O)O	1.551	-1.992	134.44999999999996	418.0531376119999	0.565163851269721
O=C(O)CCc1c(CSCC(=O)O)cccc1SC1=C[N]c2c1nc[nH]c2=O	1.553	-1.996	134.45	418.05313761200006	0.5651638512697212
CS(=O)(=O)Cc1cccc(SC2=C[N]c3c2nc[nH]c3=O)c1CCCC(=O)O	0.814	-1.279	131.29	420.068787676	0.6680079364916667
CC(Cc1c(CS(C)(=O)=O)cccc1SC1=C[N]c2c1nc[nH]c2=O)C(=O)O	0.961	-1.385	131.29	420.068787676	0.6992995052831885
Cc1cccc(SC2=C[N]c3c2nc[nH]c3=O)c1CN(CC(=O)O)S(C)(=O)=O	1.386	-1.491	134.53	421.0640366439999	0.6871308460850918
CC(C)(Cc1c(Cc2ccco2)cccc1SC1=C[N]c2c1nc[nH]c2=O)C(=O)O	3.902	-0.28	110.29	422.11745212	0.5965405107559355
Cc1cccc(SC2=C[N]c3c2nc[nH]c3=O)c1CC(CCn1ccnc1)C(=O)O	2.2	-1.202	114.97	422.1286855	0.5767207621229696
CC(C)(Cc1c(Cn2ccnc2)cccc1SC1=C[N]c2c1nc[nH]c2=O)C(=O)O	2.142	-1.201	114.97	422.1286855	0.6048024310127653
Cc1cccc(SC2=C[N]c3c2nc[nH]c3=O)c1CN(CC(=O)O)Cc1ccc[nH]1	1.713	-0.611	116.18	422.1286855	0.5140288589263659
Cc1cccc(SC2=C[N]c3c2nc[nH]c3=O)c1CN(CC(=O)O)Cc1ccco1	1.72	-0.255	113.53	423.112701088	0.5721999471637365
Cc1cccc(SC2=C[N]c3c2nc[nH]c3=O)c1CC(NCc1ccco1)C(=O)O	1.361	-0.674	122.32	423.112701088	0.5090915938891112
CN(CC(=O)O)Cc1c(Cc2ccco2)cccc1SC1=C[N]c2c1nc[nH]c2=O	1.834	-0.296	113.53	423.1127010880001	0.5726126279889734
CC(C)(Cc1c(Cn2cncn2)cccc1SC1=C[N]c2c1nc[nH]c2=O)C(=O)O	1.498	-1.305	127.86	423.123934468	0.5970503922721591
CN(CC(=O)O)Cc1c(Cn2ccnc2)cccc1SC1=C[N]c2c1nc[nH]c2=O	0.157	-1.243	118.21	423.1239344680001	0.5677348083181311
CC(Cc1c(Cc2cccs2)cccc1SC1=C[N]c2c1nc[nH]c2=O)C(=O)O	3.988	-0.558	97.15	424.078958436	0.5969015086554127
O=C(O)CCCc1c(Cc2cccs2)cccc1SC1=C[N]c2c1nc[nH]c2=O	3.806	-0.443	97.14999999999998	424.0789584360001	0.5656251888951129
O=C(O)CNCc1c(Cc2cccs2)cccc1SC1=C[N]c2c1nc[nH]c2=O	1.511	-1.033	109.17999999999998	425.0742074040001	0.5119820818080826
NC(Cc1c(Cc2cccs2)cccc1SC1=C[N]c2c1nc[nH]c2=O)C(=O)O	0.784	-0.372	123.17	425.0742074040001	0.5347798068974724
CC(=O)CCc1cccc(SC2=C[N]c3c2nc[nH]c3=O)c1CN1CC(C(=O)O)C1	0.978	-1.089	117.46	425.128351152	0.6652984913564316
Cc1cccc(SC2=C[N]c3c2nc[nH]c3=O)c1CCN(CCC1CC1)CC(=O)O	3.802	-0.287	100.39	425.16473666	0.6065272129693603
Cc1cccc(SC2=C[N]c3c2nc[nH]c3=O)c1CN(CCC(=O)O)CCC1CC1	3.728	-0.49	100.39	425.16473666	0.6043135950334358
Cc1cccc(SC2=C[N]c3c2nc[nH]c3=O)c1CN(CCCC(=O)O)CC1CC1	3.51	-0.438	100.39	425.16473666	0.6043135950334358
CC(C)CCc1cccc(SC2=C[N]c3c2nc[nH]c3=O)c1CN1CC(C(=O)O)C1	3.234	-0.248	100.39	425.16473666	0.6735794150550554
Cc1cccc(SC2=C[N]c3c2nc[nH]c3=O)c1CCN(CC(=O)O)CC1CCC1	3.21	-0.235	100.39	425.16473666	0.6401472646956549
Cc1cccc(SC2=C[N]c3c2nc[nH]c3=O)c1CN(CCC(=O)O)CC1CCC1	3.179	-0.438	100.39	425.16473666	0.63781094501129
Cc1cccc(SC2=C[N]c3c2nc[nH]c3=O)c1CCN(CCC(=O)O)CC1CC1	3.171	-0.51	100.39	425.16473666	0.6065272129693603
Cc1cccc(SC2=C[N]c3c2nc[nH]c3=O)c1CN(CC(=O)O)CC1CCCC1	3.041	-0.136	100.39	425.16473666	0.6714387699238105
Cc1cccc(SC2=C[N]c3c2nc[nH]c3=O)c1CCN(CCC(=O)O)C1CCC1	2.8	-0.687	100.39	425.16473666	0.6394277649113015
CC(C)(Cc1c(CNCC2CC2)cccc1SC1=C[N]c2c1nc[nH]c2=O)C(=O)O	3.272	-0.708	109.18	425.16473666	0.5689269062235258
CC(C)(Cc1c(CN2CCCC2)cccc1SC1=C[N]c2c1nc[nH]c2=O)C(=O)O	2.891	-0.472	100.39	425.16473666	0.7055300419320389
CC(C)(Cc1c(CNC2CCC2)cccc1SC1=C[N]c2c1nc[nH]c2=O)C(=O)O	2.89	-0.791	109.18	425.16473666	0.5980077248255108
O=C(O)COCc1c(Cc2cccs2)cccc1SC1=C[N]c2c1nc[nH]c2=O	2.551	-0.753	106.38	426.058222992	0.5720400731661885
O=C(O)CSCc1c(Cc2ccco2)cccc1SC1=C[N]c2c1nc[nH]c2=O	3.237	-0.558	110.29	426.0582229920001	0.5659892587631112
O=C(O)CSCc1c(Cn2ccnc2)cccc1SC1=C[N]c2c1nc[nH]c2=O	1.401	-1.363	114.97	426.0694563720001	0.5689184367099489
CC(=O)CCc1cccc(SC2=C[N]c3c2nc[nH]c3=O)c1CC(=O)CCC(=O)O	1.435	-1.163	131.29	426.1123667399999	0.5967810887703775
CNC(=O)Cc1cccc(SC2=C[N]c3c2nc[nH]c3=O)c1CN1CC(C(=O)O)C1	-0.065	-1.192	129.48999999999998	426.12360012	0.6001130713584155
CC(C)CCc1cccc(SC2=C[N]c3c2nc[nH]c3=O)c1CC(=O)CCC(=O)O	3.553	-0.227	114.22	426.1487522479999	0.5989950799090215
CC(=O)CCc1cccc(SC2=C[N]c3c2nc[nH]c3=O)c1CC(C)(C)CC(=O)O	3.007	-0.483	114.22	426.148752248	0.6321976224161368
CC(=O)CCc1cccc(SC2=C[N]c3c2nc[nH]c3=O)c1CCC(C)(C)C(=O)O	2.877	-0.455	114.22	426.148752248	0.6321976224161368
CN(C)CCc1cccc(SC2=C[N]c3c2nc[nH]c3=O)c1CN1CC(C(=O)O)C1	1.01	-0.574	103.63	426.159985628	0.6624856255520198
CC(C)NCc1cccc(SC2=C[N]c3c2nc[nH]c3=O)c1CN1CC(C(=O)O)C1	0.89	-0.887	112.42	426.159985628	0.5926391837798475
CC(C)(N)Cc1cccc(SC2=C[N]c3c2nc[nH]c3=O)c1CN1CC(C(=O)O)C1	0.694	-0.365	126.41	426.159985628	0.6171277072961211
CN(CC(=O)O)Cc1c(CNCC2CC2)cccc1SC1=C[N]c2c1nc[nH]c2=O	1.178	-0.849	112.42000000000002	426.1599856280001	0.5334011733429818
CN(CC(=O)O)Cc1c(CNC2CCC2)cccc1SC1=C[N]c2c1nc[nH]c2=O	0.857	-0.802	112.42000000000002	426.1599856280001	0.5637545093696146
CN(CC(=O)O)Cc1c(CN2CCCC2)cccc1SC1=C[N]c2c1nc[nH]c2=O	0.789	-0.503	103.63	426.1599856280001	0.6669964567481443
CC(C)CCc1cccc(SC2=C[N]c3c2nc[nH]c3=O)c1CC(C)(C)CC(=O)O	5.164	0.62	97.15	426.1851377559999	0.6034095613008184
CC(C)CCc1cccc(SC2=C[N]c3c2nc[nH]c3=O)c1CCC(C)(C)C(=O)O	5.003	0.719	97.15	426.1851377559999	0.6034095613008184
O=C(O)CSCc1c(Cn2cncn2)cccc1SC1=C[N]c2c1nc[nH]c2=O	0.795	-1.569	127.86	427.0647053400001	0.5591093035659978
O=C(O)CCc1cccc(SC2=C[N]c3c2nc[nH]c3=O)c1CN(C(=O)O)C1CC1	2.034	-1.746	137.68999999999997	427.107615708	0.5887734446652321
COC(=O)Cc1cccc(SC2=C[N]c3c2nc[nH]c3=O)c1CN1CC(C(=O)O)C1	0.735	-1.038	126.69	427.107615708	0.6341157685780897
O=C(O)CCc1cccc(SC2=C[N]c3c2nc[nH]c3=O)c1CN1CC(C(=O)O)C1	0.599	-1.565	137.68999999999997	427.107615708	0.5780996959243173
CC(C)CCc1cccc(SC2=C[N]c3c2nc[nH]c3=O)c1CC(=O)NCC(=O)O	2.439	-1.089	126.25	427.144001216	0.5642161668576267
CC(=O)NCCc1cccc(SC2=C[N]c3c2nc[nH]c3=O)c1CC(C)(C)C(=O)O	1.999	-1.192	126.25	427.144001216	0.5939637944584133
CNC(=O)Cc1cccc(SC2=C[N]c3c2nc[nH]c3=O)c1CC(C)(C)CC(=O)O	1.935	-1.158	126.25	427.144001216	0.5939637944584132
CC(=O)N(C)Cc1cccc(SC2=C[N]c3c2nc[nH]c3=O)c1CC(C)(C)C(=O)O	1.913	-1.321	117.46	427.144001216	0.7015669399617129
CNC(=O)Cc1cccc(SC2=C[N]c3c2nc[nH]c3=O)c1CCC(C)(C)C(=O)O	1.786	-1.133	126.25	427.144001216	0.5939637944584132
Cc1cccc(SC2=C[N]c3c2nc[nH]c3=O)c1CC(=O)NC(CC(C)C)C(=O)O	1.664	-1.163	126.25	427.144001216	0.5943500058318437
CN(C)CCc1cccc(SC2=C[N]c3c2nc[nH]c3=O)c1CC(=O)CCC(=O)O	1.291	-1.136	117.46	427.144001216	0.5966943166573662
CC(C)NCc1cccc(SC2=C[N]c3c2nc[nH]c3=O)c1CC(=O)CCC(=O)O	1.222	-1.593	126.25	427.144001216	0.5318399988960646
CC(=O)N(C)CCC(Cc1c(C)cccc1SC1=C[N]c2c1nc[nH]c2=O)C(=O)O	1.765	-1.346	117.46	427.144001216	0.6684729807662533
CC(=O)CCc1cccc(SC2=C[N]c3c2nc[nH]c3=O)c1CNC(C)(C)C(=O)O	0.871	-1.38	126.25	427.144001216	0.5613201077694343
CC(=O)NC(CCC(=O)O)CCc1c(C)cccc1SC1=C[N]c2c1nc[nH]c2=O	1.884	-1.086	126.25	427.1440012160001	0.5647994562520667
CC(=O)CCCN(CC(=O)O)Cc1c(C)cccc1SC1=C[N]c2c1nc[nH]c2=O	1.117	-1.073	117.46	427.1440012160001	0.5984412978795604
CC(=O)CCN(CCC(=O)O)Cc1c(C)cccc1SC1=C[N]c2c1nc[nH]c2=O	1.09	-1.298	117.46	427.1440012160001	0.5984412978795604
Cc1cccc(SC2=C[N]c3c2nc[nH]c3=O)c1CCN(CCC(C)C)CC(=O)O	3.342	-0.251	100.39	427.180386724	0.6027825367472368
Cc1cccc(SC2=C[N]c3c2nc[nH]c3=O)c1CN(CCC(=O)O)CCC(C)C	3.278	-0.448	100.39	427.180386724	0.5990455502624401
CC(C)CCc1cccc(SC2=C[N]c3c2nc[nH]c3=O)c1CCN(C)CC(=O)O	3.235	-0.181	100.39	427.180386724	0.6036451123743047
Cc1cccc(SC2=C[N]c3c2nc[nH]c3=O)c1CN(CCCC(=O)O)C(C)(C)C	3.192	-0.826	100.39	427.180386724	0.6629923321911694
CC(C)CCc1cccc(SC2=C[N]c3c2nc[nH]c3=O)c1CN(C)CCC(=O)O	3.173	-0.346	100.39	427.180386724	0.6008067007020652
Cc1cccc(SC2=C[N]c3c2nc[nH]c3=O)c1CCN(CCC(=O)O)CC(C)C	3.097	-0.489	100.39	427.180386724	0.6027825367472368
CCN(CC)Cc1cccc(SC2=C[N]c3c2nc[nH]c3=O)c1CC(C)(C)C(=O)O	3.069	-0.672	100.39	427.180386724	0.6341096620914138
CCCCN(CCCc1c(C)cccc1SC1=C[N]c2c1nc[nH]c2=O)CC(=O)O	3.054	-0.172	100.39	427.180386724	0.5689065465219951
CC(C)CNCc1cccc(SC2=C[N]c3c2nc[nH]c3=O)c1CC(C)(C)C(=O)O	3.024	-0.625	109.18	427.180386724	0.5649955760853101
CC(C)CCc1cccc(SC2=C[N]c3c2nc[nH]c3=O)c1CNC(C)(C)C(=O)O	2.993	-0.404	109.18	427.180386724	0.5635350832837696
CN(C)CCc1cccc(SC2=C[N]c3c2nc[nH]c3=O)c1CC(C)(C)CC(=O)O	2.974	-0.487	100.39	427.180386724	0.6371054080846874
Cc1cccc(SC2=C[N]c3c2nc[nH]c3=O)c1CC(CCNC(C)(C)C)C(=O)O	2.948	-0.993	109.18	427.180386724	0.5953872257489596
CN(C)CCCc1cccc(SC2=C[N]c3c2nc[nH]c3=O)c1CC(C)(C)C(=O)O	2.884	-0.543	100.39	427.180386724	0.6371054080846874
CC(C)NCc1cccc(SC2=C[N]c3c2nc[nH]c3=O)c1CC(C)(C)CC(=O)O	2.864	-0.864	109.18	427.180386724	0.5635350832837696
CC(C)(C)NCc1cccc(SC2=C[N]c3c2nc[nH]c3=O)c1CC(C)(C)C(=O)O	2.838	-0.876	109.18	427.180386724	0.6222407696451292
CN(C)CCc1cccc(SC2=C[N]c3c2nc[nH]c3=O)c1CCC(C)(C)C(=O)O	2.812	-0.505	100.39	427.180386724	0.6371054080846874
CC(C)NCc1cccc(SC2=C[N]c3c2nc[nH]c3=O)c1CCC(C)(C)C(=O)O	2.715	-0.858	109.18	427.180386724	0.5635350832837696
CC(C)(N)Cc1cccc(SC2=C[N]c3c2nc[nH]c3=O)c1CC(C)(C)CC(=O)O	2.595	-0.565	123.17	427.180386724	0.5929432563496522
CC(C)(N)Cc1cccc(SC2=C[N]c3c2nc[nH]c3=O)c1CCC(C)(C)C(=O)O	2.413	-0.584	123.17	427.180386724	0.5929432563496522
CCN(CC)CCC(Cc1c(C)cccc1SC1=C[N]c2c1nc[nH]c2=O)C(=O)O	3.036	-0.713	100.39	427.180386724	0.602782536747237
CCN(C)CCCC(Cc1c(C)cccc1SC1=C[N]c2c1nc[nH]c2=O)C(=O)O	2.714	-0.601	100.39	427.180386724	0.602782536747237
CCCCN(CCCC(=O)O)Cc1c(C)cccc1SC1=C[N]c2c1nc[nH]c2=O	3.385	-0.326	100.39	427.1803867240001	0.5643224643373667
CC(C)CCc1cccc(SC2=C[N]c3c2nc[nH]c3=O)c1CC(=O)OCC(=O)O	3.688	-0.743	123.45	428.1280168039999	0.5886633845445917
Cc1cccc(SC2=C[N]c3c2nc[nH]c3=O)c1CC(C)(C)CC(=O)OCC(=O)O	3.153	-0.877	123.45	428.1280168039999	0.6195183034612484
COC(=O)Cc1cccc(SC2=C[N]c3c2nc[nH]c3=O)c1CC(C)(C)CC(=O)O	2.799	-0.912	123.45	428.1280168039999	0.6196999626759481
COC(=O)Cc1cccc(SC2=C[N]c3c2nc[nH]c3=O)c1CCC(C)(C)C(=O)O	2.662	-0.861	123.45	428.1280168039999	0.6196999626759481
CC(=O)CCc1cccc(SC2=C[N]c3c2nc[nH]c3=O)c1COC(C)(C)C(=O)O	1.552	-1.174	123.45	428.1280168039999	0.6290783081287167
COC(=O)CCc1cccc(SC2=C[N]c3c2nc[nH]c3=O)c1CC(C)(C)C(=O)O	2.869	-0.872	123.45	428.128016804	0.6196999626759481
CCOC(=O)Cc1cccc(SC2=C[N]c3c2nc[nH]c3=O)c1CC(C)(C)C(=O)O	2.754	-0.862	123.45	428.128016804	0.6196999626759481
CC(C)(CCc1c(CCC(=O)O)cccc1SC1=C[N]c2c1nc[nH]c2=O)C(=O)O	2.598	-1.226	134.44999999999996	428.128016804	0.558198961087629
COC(=O)CCCC(Cc1c(C)cccc1SC1=C[N]c2c1nc[nH]c2=O)C(=O)O	2.586	-0.861	123.45	428.128016804	0.5884908234108183
CC(C)(Cc1c(CCCC(=O)O)cccc1SC1=C[N]c2c1nc[nH]c2=O)C(=O)O	2.583	-1.196	134.44999999999996	428.128016804	0.558198961087629
CC(C)(CC(=O)O)Cc1c(CCC(=O)O)cccc1SC1=C[N]c2c1nc[nH]c2=O	2.666	-1.21	134.45	428.1280168040001	0.558198961087629
CN(C)CCc1cccc(SC2=C[N]c3c2nc[nH]c3=O)c1CC(=O)NCC(=O)O	0.244	-1.625	129.48999999999998	428.13925018399993	0.5423057884654601
CC(C)NCc1cccc(SC2=C[N]c3c2nc[nH]c3=O)c1CC(=O)NCC(=O)O	0.19	-2.089	138.27999999999997	428.13925018399993	0.4728404127615227
CC(=O)NCCc1cccc(SC2=C[N]c3c2nc[nH]c3=O)c1CN(C)CC(=O)O	-0.012	-1.302	129.48999999999998	428.13925018399993	0.5489211793952176
CNC(=O)Cc1cccc(SC2=C[N]c3c2nc[nH]c3=O)c1CCN(C)CC(=O)O	-0.061	-1.283	129.48999999999998	428.13925018399993	0.5423057884654601
CNC(=O)Cc1cccc(SC2=C[N]c3c2nc[nH]c3=O)c1CNC(C)(C)C(=O)O	-0.119	-1.567	138.27999999999997	428.13925018399993	0.497770362202304
CNC(=O)CN(CCc1c(C)cccc1SC1=C[N]c2c1nc[nH]c2=O)CC(=O)O	0.561	-1.153	129.48999999999998	428.139250184	0.5451401233319723
CNC(=O)CN(CCC(=O)O)Cc1c(C)cccc1SC1=C[N]c2c1nc[nH]c2=O	0.673	-1.336	129.49	428.1392501840001	0.5509841250854455
CC(=O)NCCN(CC(=O)O)Cc1c(C)cccc1SC1=C[N]c2c1nc[nH]c2=O	0.454	-1.252	129.49	428.1392501840001	0.5509841250854455
CNC(=O)CCN(CC(=O)O)Cc1c(C)cccc1SC1=C[N]c2c1nc[nH]c2=O	0.196	-1.258	129.49	428.1392501840001	0.5509841250854455
CC(C)CCc1cccc(SC2=C[N]c3c2nc[nH]c3=O)c1COC(C)(C)C(=O)O	3.694	-0.052	106.38	428.1644023119999	0.62329906051956
Cc1cccc(SC2=C[N]c3c2nc[nH]c3=O)c1CN(CCC(=O)O)CCN(C)C	1.462	-0.692	103.63	428.175635692	0.598137002187685
Cc1cccc(SC2=C[N]c3c2nc[nH]c3=O)c1CN(CCCN(C)C)CC(=O)O	1.154	-0.582	103.63	428.175635692	0.598137002187685
Cc1cccc(SC2=C[N]c3c2nc[nH]c3=O)c1CN(CCCN)CCCC(=O)O	1.051	-0.804	126.41	428.175635692	0.5015875436740527
CCN(CC)Cc1cccc(SC2=C[N]c3c2nc[nH]c3=O)c1CN(C)CC(=O)O	1.039	-0.755	103.63	428.175635692	0.5990391689528656
CC(C)CNCc1cccc(SC2=C[N]c3c2nc[nH]c3=O)c1CN(C)CC(=O)O	1.012	-0.921	112.42	428.175635692	0.5324704180515857
CC(C)NCc1cccc(SC2=C[N]c3c2nc[nH]c3=O)c1CCN(C)CC(=O)O	0.913	-0.994	112.42	428.175635692	0.5315302537414003
CN(C)CCc1cccc(SC2=C[N]c3c2nc[nH]c3=O)c1CNC(C)(C)C(=O)O	0.857	-0.881	112.42	428.175635692	0.5609931933140376
CN(C)CCCc1cccc(SC2=C[N]c3c2nc[nH]c3=O)c1CN(C)CC(=O)O	0.848	-0.608	103.63	428.175635692	0.5973280371941753
CC(C)NCc1cccc(SC2=C[N]c3c2nc[nH]c3=O)c1CNC(C)(C)C(=O)O	0.774	-1.266	121.21	428.175635692	0.4842207691683252
CC(C)(N)Cc1cccc(SC2=C[N]c3c2nc[nH]c3=O)c1CNC(C)(C)C(=O)O	0.505	-0.671	135.2	428.175635692	0.5066445127273117
CN(CC(=O)O)Cc1c(CNC(C)(C)C)cccc1SC1=C[N]c2c1nc[nH]c2=O	0.857	-0.91	112.42000000000002	428.17563569200007	0.59210942144686
CN(CCC(=O)O)Cc1c(CC(C)(C)N)cccc1SC1=C[N]c2c1nc[nH]c2=O	0.632	-0.531	126.41	428.17563569200007	0.5592018951623701
O=C(O)CSCc1c(CNCC2CC2)cccc1SC1=C[N]c2c1nc[nH]c2=O	2.482	-1.149	109.17999999999998	429.1055075320001	0.5326599356584163
O=C(O)CSCc1c(CNC2CCC2)cccc1SC1=C[N]c2c1nc[nH]c2=O	2.091	-1.098	109.17999999999998	429.1055075320001	0.5619216211364516
O=C(O)CSCc1c(CN2CCCC2)cccc1SC1=C[N]c2c1nc[nH]c2=O	2.087	-0.598	100.39	429.1055075320001	0.665149334362869
CCC(Cc1c(C)cccc1SC1=C[N]c2c1nc[nH]c2=O)NC(=O)OCC(=O)O	2.524	-1.21	135.48	429.1232657719999	0.5866149298491866
Cc1cccc(SC2=C[N]c3c2nc[nH]c3=O)c1CC(C)(C)NC(=O)OCC(=O)O	2.513	-1.285	135.48	429.1232657719999	0.6152847760389384
Cc1cccc(SC2=C[N]c3c2nc[nH]c3=O)c1CCC(C)NC(=O)OCC(=O)O	2.341	-1.266	135.48	429.1232657719999	0.5866149298491865
Cc1cccc(SC2=C[N]c3c2nc[nH]c3=O)c1CCN(CCCC(=O)O)C(=O)O	1.566	-1.668	137.69	429.1232657719999	0.5570840198404952
Cc1cccc(SC2=C[N]c3c2nc[nH]c3=O)c1CCCN(CCC(=O)O)C(=O)O	1.401	-1.711	137.69	429.1232657719999	0.5570840198404952
CN(C)CCc1cccc(SC2=C[N]c3c2nc[nH]c3=O)c1CC(=O)OCC(=O)O	1.369	-1.36	126.69	429.1232657719999	0.5726969174409675
CC(C)NCc1cccc(SC2=C[N]c3c2nc[nH]c3=O)c1CC(=O)OCC(=O)O	1.312	-1.77	135.48	429.1232657719999	0.513419540244113
Cc1cccc(SC2=C[N]c3c2nc[nH]c3=O)c1CN(C)CCC(=O)OCC(=O)O	1.275	-1.281	126.69	429.1232657719999	0.578599546935902
Cc1cccc(SC2=C[N]c3c2nc[nH]c3=O)c1CCN(C)CC(=O)OCC(=O)O	1.226	-1.264	126.69	429.1232657719999	0.5746804889928577
Cc1cccc(SC2=C[N]c3c2nc[nH]c3=O)c1CN(CCCC(=O)O)CC(=O)O	0.727	-1.655	137.69	429.1232657719999	0.5224011713243278
Cc1cccc(SC2=C[N]c3c2nc[nH]c3=O)c1CCN(CCC(=O)O)CC(=O)O	0.585	-1.706	137.69	429.1232657719999	0.5199777970541822
CNC(=O)Cc1cccc(SC2=C[N]c3c2nc[nH]c3=O)c1COC(C)(C)C(=O)O	0.541	-1.524	135.48	429.1232657719999	0.5818615842120055
COC(=O)NCc1cccc(SC2=C[N]c3c2nc[nH]c3=O)c1CC(C)(C)C(=O)O	2.341	-1.178	135.47999999999996	429.123265772	0.6154400424207588
CNC(=O)OCc1cccc(SC2=C[N]c3c2nc[nH]c3=O)c1CC(C)(C)C(=O)O	2.305	-1.224	135.47999999999996	429.123265772	0.6154400424207588
COC(=O)Cc1cccc(SC2=C[N]c3c2nc[nH]c3=O)c1CN(C)CCC(=O)O	0.704	-1.239	126.69	429.123265772	0.5772472581998027
COC(=O)Cc1cccc(SC2=C[N]c3c2nc[nH]c3=O)c1CNC(C)(C)C(=O)O	0.669	-1.343	135.48	429.123265772	0.5404889760087974
CC(C)N(Cc1c(CCC(=O)O)cccc1SC1=C[N]c2c1nc[nH]c2=O)C(=O)O	1.843	-1.81	137.68999999999997	429.123265772	0.5862469237572056
CN(CCc1c(CCCC(=O)O)cccc1SC1=C[N]c2c1nc[nH]c2=O)C(=O)O	1.695	-1.736	137.68999999999997	429.123265772	0.5569902087132211
CN(CCCc1c(CCC(=O)O)cccc1SC1=C[N]c2c1nc[nH]c2=O)C(=O)O	1.615	-1.758	137.68999999999997	429.123265772	0.5569902087132211
COC(=O)CCc1cccc(SC2=C[N]c3c2nc[nH]c3=O)c1CN(C)CC(=O)O	0.765	-1.059	126.69	429.123265772	0.5772472581998027
CCOC(=O)Cc1cccc(SC2=C[N]c3c2nc[nH]c3=O)c1CN(C)CC(=O)O	0.723	-1.088	126.69	429.123265772	0.5772472581998027
CN(CCc1c(CCC(=O)O)cccc1SC1=C[N]c2c1nc[nH]c2=O)CC(=O)O	0.692	-1.645	137.68999999999997	429.123265772	0.5186935131752027
CC(=O)OCCN(CC(=O)O)Cc1c(C)cccc1SC1=C[N]c2c1nc[nH]c2=O	1.067	-1.067	126.69	429.1232657720001	0.5785995469359021
COC(=O)CCN(CC(=O)O)Cc1c(C)cccc1SC1=C[N]c2c1nc[nH]c2=O	0.825	-1.056	126.69	429.1232657720001	0.5785995469359021
CN(CC(=O)O)Cc1c(CCCC(=O)O)cccc1SC1=C[N]c2c1nc[nH]c2=O	0.495	-1.569	137.69	429.1232657720001	0.5215891063144384
CN(CCO)Cc1cccc(SC2=C[N]c3c2nc[nH]c3=O)c1CC(C)(C)C(=O)O	1.827	-0.914	120.62	429.15965127999993	0.5586385135951322
CN(C)CCc1cccc(SC2=C[N]c3c2nc[nH]c3=O)c1COC(C)(C)C(=O)O	1.487	-0.872	109.62000000000002	429.15965127999993	0.630399737615814
CC(C)NCc1cccc(SC2=C[N]c3c2nc[nH]c3=O)c1COC(C)(C)C(=O)O	1.393	-1.254	118.41	429.15965127999993	0.5606222279485937
CC(C)(N)Cc1cccc(SC2=C[N]c3c2nc[nH]c3=O)c1COC(C)(C)C(=O)O	1.145	-0.735	132.4	429.15965127999993	0.5875467258765991
COCCN(CCCC(=O)O)Cc1c(C)cccc1SC1=C[N]c2c1nc[nH]c2=O	2.156	-0.71	109.61999999999998	429.1596512800001	0.5650882331535765
COC(=O)Cc1cccc(SC2=C[N]c3c2nc[nH]c3=O)c1COC(C)(C)C(=O)O	1.396	-1.231	132.68	430.1072813599999	0.6092276375794041
CNC(=O)OCc1cccc(SC2=C[N]c3c2nc[nH]c3=O)c1CN(C)CC(=O)O	0.281	-1.284	138.71999999999997	430.11851474	0.5723816619948056
CN(CCO)Cc1cccc(SC2=C[N]c3c2nc[nH]c3=O)c1CN(C)CC(=O)O	-0.142	-0.983	123.86	430.15490024799993	0.5110307826813215
CC(=O)NCCc1cccc(SC2=C[N]c3c2nc[nH]c3=O)c1CSCC(=O)O	1.248	-1.565	126.25	431.084772088	0.5549268112565219
CC(=O)N(C)Cc1cccc(SC2=C[N]c3c2nc[nH]c3=O)c1CSCC(=O)O	1.167	-1.609	117.46	431.084772088	0.6589101166338678
CCN(CC)Cc1cccc(SC2=C[N]c3c2nc[nH]c3=O)c1CSCC(=O)O	2.301	-0.876	100.39	431.12115759599993	0.5953484912841813
CC(C)CNCc1cccc(SC2=C[N]c3c2nc[nH]c3=O)c1CSCC(=O)O	2.287	-1.159	109.18	431.12115759599993	0.5299790940197047
CN(C)CCCc1cccc(SC2=C[N]c3c2nc[nH]c3=O)c1CSCC(=O)O	2.109	-0.791	100.39	431.12115759599993	0.5964436200869491
CC(C)(C)NCc1cccc(SC2=C[N]c3c2nc[nH]c3=O)c1CSCC(=O)O	2.108	-1.106	109.18	431.12115759599993	0.5881348766429033
COC(=O)CCc1cccc(SC2=C[N]c3c2nc[nH]c3=O)c1CSCC(=O)O	2.12	-1.237	123.45	432.068787676	0.5795673374840375
CCOC(=O)Cc1cccc(SC2=C[N]c3c2nc[nH]c3=O)c1CSCC(=O)O	2.075	-1.254	123.45	432.068787676	0.5795673374840375
CC(Cc1c(CSCC(=O)O)cccc1SC1=C[N]c2c1nc[nH]c2=O)C(=O)O	1.997	-1.907	134.44999999999996	432.068787676	0.5504747315885408
O=C(O)CCCc1cccc(SC2=C[N]c3c2nc[nH]c3=O)c1CSCC(=O)O	1.852	-1.785	134.44999999999996	432.068787676	0.5216261062551083
O=C(O)CCCc1c(CSCC(=O)O)cccc1SC1=C[N]c2c1nc[nH]c2=O	1.854	-1.789	134.45	432.06878767600006	0.5216261062551083
COC(=O)NCc1cccc(SC2=C[N]c3c2nc[nH]c3=O)c1CSCC(=O)O	1.618	-1.41	135.47999999999996	433.064036644	0.5769235812932619
CNC(=O)OCc1cccc(SC2=C[N]c3c2nc[nH]c3=O)c1CSCC(=O)O	1.588	-1.446	135.47999999999996	433.064036644	0.5769235812932619
CN(Cc1c(CSCC(=O)O)cccc1SC1=C[N]c2c1nc[nH]c2=O)C(=O)O	0.998	-2.144	137.68999999999997	433.064036644	0.577377843347362
CN(CCO)Cc1cccc(SC2=C[N]c3c2nc[nH]c3=O)c1CSCC(=O)O	1.04	-1.038	120.62	433.100422152	0.5191667807015998
CC(C)(Cc1c(CS(C)(=O)=O)cccc1SC1=C[N]c2c1nc[nH]c2=O)C(=O)O	1.164	-1.236	131.29	434.08443774	0.6833589383420525
Cc1cccc(SC2=C[N]c3c2nc[nH]c3=O)c1CN(CCC(=O)O)S(C)(=O)=O	1.697	-1.492	134.53	435.0796867079999	0.6436416591059257
Cc1cccc(SC2=C[N]c3c2nc[nH]c3=O)c1CCN(CC(=O)O)S(C)(=O)=O	1.624	-1.385	134.53	435.0796867079999	0.6381331216404932
CN(CC(=O)O)Cc1c(CS(C)(=O)=O)cccc1SC1=C[N]c2c1nc[nH]c2=O	-0.709	-1.013	134.53	435.0796867080001	0.6309485487870832
O=C(O)C1CN(Cc2c(Cc3ccco3)cccc2SC2=C[N]c3c2nc[nH]c3=O)C1	2.337	-0.145	113.53	435.1127010880001	0.5865618728193217
O=C(O)C1CN(Cc2c(Cn3ccnc3)cccc2SC2=C[N]c3c2nc[nH]c3=O)C1	0.686	-1.097	118.21	435.1239344680001	0.58156507671428
O=C(O)CCC(=O)Cc1c(Cc2ccco2)cccc1SC1=C[N]c2c1nc[nH]c2=O	2.707	-0.887	127.36	436.0967166760001	0.5268243266652194
O=C(O)CCC(=O)Cc1c(Cn2ccnc2)cccc1SC1=C[N]c2c1nc[nH]c2=O	1.021	-1.659	132.04	436.1079500560001	0.5259988936800625
O=C(O)C1CN(Cc2c(Cn3cncn3)cccc2SC2=C[N]c3c2nc[nH]c3=O)C1	0.152	-1.44	131.1	436.119183436	0.5660434392680421
Cc1cccc(SC2=C[N]c3c2nc[nH]c3=O)c1CC(CCCc1ccco1)C(=O)O	3.995	0.047	110.29	436.1331021839999	0.5180516287309157
CC(C)(CCc1c(Cc2ccco2)cccc1SC1=C[N]c2c1nc[nH]c2=O)C(=O)O	4.169	-0.006	110.29	436.133102184	0.5435468576016154
CC(C)(CC(=O)O)Cc1c(Cc2ccco2)cccc1SC1=C[N]c2c1nc[nH]c2=O	4.352	-0.051	110.29	436.13310218400005	0.5435468576016155
Cc1cccc(SC2=C[N]c3c2nc[nH]c3=O)c1CC(CCCn1cccn1)C(=O)O	2.617	-0.865	114.97	436.144335564	0.5316018974778697
CC(C)(CCc1c(Cn2ccnc2)cccc1SC1=C[N]c2c1nc[nH]c2=O)C(=O)O	2.438	-0.992	114.97	436.144335564	0.5592425078212315
Cc1cccc(SC2=C[N]c3c2nc[nH]c3=O)c1CC(CCCn1ccnc1)C(=O)O	2.421	-0.997	114.97	436.144335564	0.5316018974778697
Cc1cccc(SC2=C[N]c3c2nc[nH]c3=O)c1CCN(CC(=O)O)Cc1ccc[nH]1	2.278	-0.517	116.18	436.144335564	0.4749711809474706
CC(C)(CC(=O)O)Cc1c(Cn2ccnc2)cccc1SC1=C[N]c2c1nc[nH]c2=O	2.651	-1.044	114.97	436.1443355640001	0.5592425078212315
O=C(O)CNC(=O)Cc1c(Cc2ccco2)cccc1SC1=C[N]c2c1nc[nH]c2=O	1.637	-1.414	139.39	437.0919656440001	0.4898718426632996
Cc1cccc(SC2=C[N]c3c2nc[nH]c3=O)c1CN(CCC(=O)O)Cc1ccco1	2.382	-0.355	113.53	437.128351152	0.5266753487361369
CC(C)(NCc1c(Cc2ccco2)cccc1SC1=C[N]c2c1nc[nH]c2=O)C(=O)O	2.15	-0.499	122.32	437.1283511520001	0.4943315278324659
CC(C)(CCc1c(Cn2cncn2)cccc1SC1=C[N]c2c1nc[nH]c2=O)C(=O)O	1.812	-1.089	127.86	437.139584532	0.5544283917834834
Cc1cccc(SC2=C[N]c3c2nc[nH]c3=O)c1CN(CCc1cnc[nH]1)CC(=O)O	1.051	-1.003	129.07	437.139584532	0.4682146400029618
CC(C)(NCc1c(Cn2ccnc2)cccc1SC1=C[N]c2c1nc[nH]c2=O)C(=O)O	0.538	-1.327	127.0	437.139584532	0.4934057987880226
CC(C)(CC(=O)O)Cc1c(Cn2cncn2)cccc1SC1=C[N]c2c1nc[nH]c2=O	1.98	-1.145	127.86	437.1395845320001	0.5544283917834834
CS(=O)(=O)Cc1cccc(SC2=C[N]c3c2nc[nH]c3=O)c1CSCC(=O)O	0.489	-1.347	131.29	438.0252086119999	0.6394433267102
O=C(O)COC(=O)Cc1c(Cc2ccco2)cccc1SC1=C[N]c2c1nc[nH]c2=O	2.792	-1.012	136.59	438.0759812320001	0.5119190899519989
CC(C)(Cc1c(Cc2cccs2)cccc1SC1=C[N]c2c1nc[nH]c2=O)C(=O)O	4.114	-0.306	97.15	438.0946085	0.5692521682071271
CC(C)(OCc1c(Cc2ccco2)cccc1SC1=C[N]c2c1nc[nH]c2=O)C(=O)O	2.882	-0.393	119.52	438.11236674	0.5504860554953537
CC(C)(OCc1c(Cn2ccnc2)cccc1SC1=C[N]c2c1nc[nH]c2=O)C(=O)O	1.182	-1.217	124.2	438.12360012	0.553995760691837
CN(CCC(=O)O)Cc1c(Cn2cncn2)cccc1SC1=C[N]c2c1nc[nH]c2=O	0.118	-1.619	131.1	438.1348335	0.5156255295526199
CC(C)(NCc1c(Cn2cncn2)cccc1SC1=C[N]c2c1nc[nH]c2=O)C(=O)O	0.039	-1.615	139.89	438.1348335	0.4827693982817278
O=C(O)C1CN(Cc2c(CNCC3CC3)cccc2SC2=C[N]c3c2nc[nH]c3=O)C1	1.612	-0.672	112.42	438.1599856280001	0.5497076366377732
O=C(O)C1CN(Cc2c(CN3CCCC3)cccc2SC2=C[N]c3c2nc[nH]c3=O)C1	1.312	-0.338	103.63	438.1599856280001	0.6831165150001115
O=C(O)C1CN(Cc2c(CNC3CCC3)cccc2SC2=C[N]c3c2nc[nH]c3=O)C1	1.302	-0.62	112.42	438.1599856280001	0.5794989804256713
Cc1cccc(SC2=C[N]c3c2nc[nH]c3=O)c1CN(CC(=O)O)Cc1cccs1	1.941	-0.366	100.39	439.08985746799993	0.5565851408207689
CN(CC(=O)O)Cc1c(Cc2cccs2)cccc1SC1=C[N]c2c1nc[nH]c2=O	2.068	-0.432	100.39	439.0898574680001	0.558714221328773
CC(C)(OCc1c(Cn2cncn2)cccc1SC1=C[N]c2c1nc[nH]c2=O)C(=O)O	0.633	-1.446	137.08999999999995	439.118849088	0.5445008373735054
Cc1cccc(SC2=C[N]c3c2nc[nH]c3=O)c1CCN(CCC(=O)O)C(=O)C1CC1	2.311	-0.982	117.46	439.144001216	0.6203039500994931
O=C(O)CCC(=O)Cc1c(CNCC2CC2)cccc1SC1=C[N]c2c1nc[nH]c2=O	2.084	-1.164	126.25	439.1440012160001	0.4911238460962874
O=C(O)CCC(=O)Cc1c(CNC2CCC2)cccc1SC1=C[N]c2c1nc[nH]c2=O	1.705	-1.271	126.25	439.1440012160001	0.5194728019347863
O=C(O)CCC(=O)Cc1c(CN2CCCC2)cccc1SC1=C[N]c2c1nc[nH]c2=O	1.636	-0.885	117.46	439.1440012160001	0.6167114443870313
Cc1cccc(SC2=C[N]c3c2nc[nH]c3=O)c1CCN(CCC(=O)O)CC1CCC1	3.492	-0.295	100.39	439.180386724	0.587325477118988
Cc1cccc(SC2=C[N]c3c2nc[nH]c3=O)c1CCN(CC(=O)O)CC1CCCC1	3.471	0.013	100.39	439.180386724	0.6198811687659324
Cc1cccc(SC2=C[N]c3c2nc[nH]c3=O)c1CCN(CCC(=O)O)C1CCCC1	3.092	-0.489	100.39	439.180386724	0.6181892358718764
CC(C)(CCc1c(CNCC2CC2)cccc1SC1=C[N]c2c1nc[nH]c2=O)C(=O)O	3.563	-0.451	109.18	439.180386724	0.5213136497664627
CC(C)(CCc1c(CNC2CCC2)cccc1SC1=C[N]c2c1nc[nH]c2=O)C(=O)O	3.193	-0.539	109.18	439.180386724	0.5483629599076068
CC(C)(CCc1c(CN2CCCC2)cccc1SC1=C[N]c2c1nc[nH]c2=O)C(=O)O	3.15	-0.284	100.39	439.180386724	0.6497426584758526
CC(C)(CC(=O)O)Cc1c(CNCC2CC2)cccc1SC1=C[N]c2c1nc[nH]c2=O	3.708	-0.455	109.17999999999998	439.1803867240001	0.5213136497664627
CC(C)(CC(=O)O)Cc1c(CNC2CCC2)cccc1SC1=C[N]c2c1nc[nH]c2=O	3.34	-0.543	109.17999999999998	439.1803867240001	0.5483629599076068
CC(C)(CC(=O)O)Cc1c(CN2CCCC2)cccc1SC1=C[N]c2c1nc[nH]c2=O	3.33	-0.274	100.39	439.1803867240001	0.6497426584758526
Cc1cccc(SC2=C[N]c3c2nc[nH]c3=O)c1CN(CC(=O)O)Cc1cscn1	1.106	-0.903	113.28	440.08510643599993	0.5535228769267578
CC(=O)NCCc1cccc(SC2=C[N]c3c2nc[nH]c3=O)c1CN1CC(C(=O)O)C1	0.473	-1.126	129.48999999999998	440.13925018399993	0.5641873059107477
CC(=O)N(C)Cc1cccc(SC2=C[N]c3c2nc[nH]c3=O)c1CN1CC(C(=O)O)C1	0.445	-1.193	120.7	440.13925018399993	0.6708473573955797
O=C(O)CNC(=O)Cc1c(CNCC2CC2)cccc1SC1=C[N]c2c1nc[nH]c2=O	0.978	-1.846	138.28	440.1392501840001	0.4374248064643767
O=C(O)CNC(=O)Cc1c(CNC2CCC2)cccc1SC1=C[N]c2c1nc[nH]c2=O	0.628	-1.849	138.28	440.1392501840001	0.463395580081987
O=C(O)CNC(=O)Cc1c(CN2CCCC2)cccc1SC1=C[N]c2c1nc[nH]c2=O	0.587	-1.303	129.49	440.1392501840001	0.5664232478028276
Cc1cccc(SC2=C[N]c3c2nc[nH]c3=O)c1CN(CCN1CCCC1)CC(=O)O	1.641	-0.315	103.63	440.175635692	0.6170314565430172
CCN(CC)Cc1cccc(SC2=C[N]c3c2nc[nH]c3=O)c1CN1CC(C(=O)O)C1	1.55	-0.571	103.63	440.175635692	0.6172806018830496
CC(C)CNCc1cccc(SC2=C[N]c3c2nc[nH]c3=O)c1CN1CC(C(=O)O)C1	1.515	-0.767	112.42	440.175635692	0.5486847558137955
CC(C)(NCc1c(CNCC2CC2)cccc1SC1=C[N]c2c1nc[nH]c2=O)C(=O)O	1.508	-1.086	121.21	440.175635692	0.447934392507968
CN(C)CCCc1cccc(SC2=C[N]c3c2nc[nH]c3=O)c1CN1CC(C(=O)O)C1	1.357	-0.427	103.63	440.175635692	0.6155173641906765
CC(C)(C)NCc1cccc(SC2=C[N]c3c2nc[nH]c3=O)c1CN1CC(C(=O)O)C1	1.346	-0.721	112.42	440.175635692	0.6063492366720723
CN(CCc1c(CN2CCCC2)cccc1SC1=C[N]c2c1nc[nH]c2=O)CC(=O)O	1.34	-0.404	103.63	440.175635692	0.6163939934874543
CC(C)(NCc1c(CNC2CCC2)cccc1SC1=C[N]c2c1nc[nH]c2=O)C(=O)O	1.198	-1.014	121.21	440.175635692	0.4729585063451353
CC(C)(NCc1c(CN2CCCC2)cccc1SC1=C[N]c2c1nc[nH]c2=O)C(=O)O	1.138	-0.595	112.42	440.175635692	0.5783981797506365
CN(CCC(=O)O)Cc1c(CNC2CCC2)cccc1SC1=C[N]c2c1nc[nH]c2=O	1.321	-0.844	112.42000000000002	440.17563569200007	0.5205744723462495
CN(CCC(=O)O)Cc1c(CN2CCCC2)cccc1SC1=C[N]c2c1nc[nH]c2=O	1.256	-0.495	103.63	440.17563569200007	0.6176676178613402
CC(=O)N(C)Cc1cccc(SC2=C[N]c3c2nc[nH]c3=O)c1CC(=O)CCC(=O)O	0.847	-1.783	134.52999999999997	441.1232657719999	0.6080777180582216
O=C(O)CCCc1cccc(SC2=C[N]c3c2nc[nH]c3=O)c1CN(C(=O)O)C1CC1	2.337	-1.5	137.68999999999997	441.123265772	0.5432826845799215
COC(=O)CCc1cccc(SC2=C[N]c3c2nc[nH]c3=O)c1CN1CC(C(=O)O)C1	1.227	-0.925	126.69	441.123265772	0.5932689270394303
CCOC(=O)Cc1cccc(SC2=C[N]c3c2nc[nH]c3=O)c1CN1CC(C(=O)O)C1	1.221	-0.962	126.69	441.123265772	0.5932689270394303
O=C(O)CCCc1cccc(SC2=C[N]c3c2nc[nH]c3=O)c1CN1CC(C(=O)O)C1	0.906	-1.419	137.68999999999997	441.123265772	0.5374442144465371
O=C(O)COC(=O)Cc1c(CNCC2CC2)cccc1SC1=C[N]c2c1nc[nH]c2=O	2.198	-1.573	135.48	441.1232657720001	0.4749307745622603
O=C(O)COC(=O)Cc1c(CNC2CCC2)cccc1SC1=C[N]c2c1nc[nH]c2=O	1.79	-1.539	135.48	441.1232657720001	0.5024104058516906
O=C(O)COC(=O)Cc1c(CN2CCCC2)cccc1SC1=C[N]c2c1nc[nH]c2=O	1.717	-1.084	126.69	441.1232657720001	0.5947332782466401
CC(=O)NCCc1cccc(SC2=C[N]c3c2nc[nH]c3=O)c1CC(C)(C)CC(=O)O	2.425	-0.963	126.25	441.15965127999993	0.549260114523015
CC(=O)N(C)Cc1cccc(SC2=C[N]c3c2nc[nH]c3=O)c1CC(C)(C)CC(=O)O	2.393	-1.107	117.46	441.15965127999993	0.6498668147378277
CC(=O)NCCc1cccc(SC2=C[N]c3c2nc[nH]c3=O)c1CCC(C)(C)C(=O)O	2.298	-0.938	126.25	441.15965127999993	0.549260114523015
CC(=O)N(C)Cc1cccc(SC2=C[N]c3c2nc[nH]c3=O)c1CCC(C)(C)C(=O)O	2.217	-1.077	117.46	441.15965127999993	0.6498668147378277
Cc1cccc(SC2=C[N]c3c2nc[nH]c3=O)c1CN(CCC(=O)C(C)C)CC(=O)O	1.918	-0.747	117.46	441.15965127999993	0.5819721791173547
CCN(CC)Cc1cccc(SC2=C[N]c3c2nc[nH]c3=O)c1CC(=O)CCC(=O)O	1.843	-1.145	117.46	441.15965127999993	0.5504017746028509
CC(C)CNCc1cccc(SC2=C[N]c3c2nc[nH]c3=O)c1CC(=O)CCC(=O)O	1.827	-1.074	126.25	441.15965127999993	0.48933080772907
CC(C)(C)NCc1cccc(SC2=C[N]c3c2nc[nH]c3=O)c1CC(=O)CCC(=O)O	1.672	-1.361	126.25	441.15965127999993	0.5459486714247636
CN(C)CCCc1cccc(SC2=C[N]c3c2nc[nH]c3=O)c1CC(=O)CCC(=O)O	1.637	-0.964	117.46	441.15965127999993	0.5502226061982743
CCC(=O)NC(CCC(=O)O)CCc1c(C)cccc1SC1=C[N]c2c1nc[nH]c2=O	2.4	-0.771	126.25	441.1596512800001	0.5200051874193264
CC(C)(OCc1c(CNCC2CC2)cccc1SC1=C[N]c2c1nc[nH]c2=O)C(=O)O	2.179	-1.023	118.40999999999998	441.1596512800001	0.5185764589577591
CC(C)(OCc1c(CNC2CCC2)cccc1SC1=C[N]c2c1nc[nH]c2=O)C(=O)O	1.819	-0.994	118.40999999999998	441.1596512800001	0.5469706960769027
CC(C)(OCc1c(CN2CCCC2)cccc1SC1=C[N]c2c1nc[nH]c2=O)C(=O)O	1.81	-0.571	109.62	441.1596512800001	0.6477226508719184
Cc1cccc(SC2=C[N]c3c2nc[nH]c3=O)c1CCN(CCC(=O)O)CCC(C)C	3.526	-0.309	100.39	441.196036788	0.5503420509016458
CCN(CC)Cc1cccc(SC2=C[N]c3c2nc[nH]c3=O)c1CC(C)(C)CC(=O)O	3.484	-0.447	100.39	441.196036788	0.5780890769422974
CC(C)CNCc1cccc(SC2=C[N]c3c2nc[nH]c3=O)c1CC(C)(C)CC(=O)O	3.445	-0.378	109.18	441.196036788	0.5159017552195045
CCN(CC)Cc1cccc(SC2=C[N]c3c2nc[nH]c3=O)c1CCC(C)(C)C(=O)O	3.31	-0.442	100.39	441.196036788	0.5780890769422974
CC(C)CNCc1cccc(SC2=C[N]c3c2nc[nH]c3=O)c1CCC(C)(C)C(=O)O	3.291	-0.366	109.18	441.196036788	0.5159017552195045
CN(C)CCCc1cccc(SC2=C[N]c3c2nc[nH]c3=O)c1CC(C)(C)CC(=O)O	3.29	-0.309	100.39	441.196036788	0.5837444608103666
CN(C)CCCc1cccc(SC2=C[N]c3c2nc[nH]c3=O)c1CCC(C)(C)C(=O)O	3.134	-0.322	100.39	441.196036788	0.5837444608103666
CC(C)(C)NCc1cccc(SC2=C[N]c3c2nc[nH]c3=O)c1CCC(C)(C)C(=O)O	3.113	-0.628	109.18	441.196036788	0.57034259776439
CCN(CC)CCCC(Cc1c(C)cccc1SC1=C[N]c2c1nc[nH]c2=O)C(=O)O	3.057	-0.53	100.39	441.196036788	0.5503420509016461
CC(C)(CC(=O)O)Cc1c(CNC(C)(C)C)cccc1SC1=C[N]c2c1nc[nH]c2=O	3.259	-0.635	109.17999999999998	441.1960367880001	0.5703425977643901
O=C(O)CSCc1c(Cc2cccs2)cccc1SC1=C[N]c2c1nc[nH]c2=O	3.452	-0.599	97.14999999999998	442.0353793720001	0.5455800033280683
COC(=O)NCc1cccc(SC2=C[N]c3c2nc[nH]c3=O)c1CN1CC(C(=O)O)C1	0.774	-1.114	138.71999999999997	442.11851474	0.5860855619508091
CNC(=O)OCc1cccc(SC2=C[N]c3c2nc[nH]c3=O)c1CN1CC(C(=O)O)C1	0.758	-1.149	138.71999999999997	442.11851474	0.5860855619508091
Cc1cccc(SC2=C[N]c3c2nc[nH]c3=O)c1CC(CCCC(=O)CCO)C(=O)O	1.899	-0.933	134.45	442.1436668679999	0.4869328355429059
COC(=O)CCc1cccc(SC2=C[N]c3c2nc[nH]c3=O)c1CC(C)(C)CC(=O)O	3.269	-0.655	123.45	442.143666868	0.5713527913608373
CCOC(=O)Cc1cccc(SC2=C[N]c3c2nc[nH]c3=O)c1CC(C)(C)CC(=O)O	3.199	-0.643	123.45	442.143666868	0.5713527913608373
COC(=O)CCc1cccc(SC2=C[N]c3c2nc[nH]c3=O)c1CCC(C)(C)C(=O)O	3.15	-0.6	123.45	442.143666868	0.5713527913608373
CCOC(=O)Cc1cccc(SC2=C[N]c3c2nc[nH]c3=O)c1CCC(C)(C)C(=O)O	3.049	-0.583	123.45	442.143666868	0.5713527913608373
CC(C)(CCc1c(CCCC(=O)O)cccc1SC1=C[N]c2c1nc[nH]c2=O)C(=O)O	2.853	-0.961	134.44999999999996	442.143666868	0.5119146561621587
CC(C)(CC(=O)O)Cc1c(CCCC(=O)O)cccc1SC1=C[N]c2c1nc[nH]c2=O	2.939	-0.941	134.45	442.1436668680001	0.5119146561621588
CCN(CC)Cc1cccc(SC2=C[N]c3c2nc[nH]c3=O)c1CC(=O)NCC(=O)O	0.814	-1.665	129.48999999999998	442.15490024799993	0.5105241078025962
CC(C)CNCc1cccc(SC2=C[N]c3c2nc[nH]c3=O)c1CC(=O)NCC(=O)O	0.79	-1.835	138.27999999999997	442.15490024799993	0.4383109525257439
CC(C)(C)NCc1cccc(SC2=C[N]c3c2nc[nH]c3=O)c1CC(=O)NCC(=O)O	0.651	-1.881	138.27999999999997	442.15490024799993	0.4883896078004125
CN(C)CCCc1cccc(SC2=C[N]c3c2nc[nH]c3=O)c1CC(=O)NCC(=O)O	0.608	-1.569	129.48999999999998	442.15490024799993	0.5063372182222824
CC(=O)NCCc1cccc(SC2=C[N]c3c2nc[nH]c3=O)c1CN(C)CCC(=O)O	0.45	-1.363	129.48999999999998	442.15490024799993	0.5105241078025962
CC(=O)N(C)Cc1cccc(SC2=C[N]c3c2nc[nH]c3=O)c1CCN(C)CC(=O)O	0.436	-1.274	120.7	442.15490024799993	0.6056232226142837
Cc1cccc(SC2=C[N]c3c2nc[nH]c3=O)c1CN(CCC(=O)N(C)C)CC(=O)O	0.394	-1.252	120.7	442.15490024799993	0.6071931686948212
CC(=O)NCCc1cccc(SC2=C[N]c3c2nc[nH]c3=O)c1CNC(C)(C)C(=O)O	0.393	-1.514	138.27999999999997	442.15490024799993	0.4639294768757857
CN(CCO)Cc1cccc(SC2=C[N]c3c2nc[nH]c3=O)c1CN1CC(C(=O)O)C1	0.379	-0.793	123.86	442.15490024799993	0.5265358043856874
CC(=O)N(C)Cc1cccc(SC2=C[N]c3c2nc[nH]c3=O)c1CNC(C)(C)C(=O)O	0.295	-1.546	129.48999999999998	442.15490024799993	0.5703506355726364
CC(=O)NCCN(CCc1c(C)cccc1SC1=C[N]c2c1nc[nH]c2=O)CC(=O)O	0.926	-1.148	129.48999999999998	442.154900248	0.5081593257756402
CNC(=O)CCN(CCc1c(C)cccc1SC1=C[N]c2c1nc[nH]c2=O)CC(=O)O	0.689	-1.155	129.48999999999998	442.154900248	0.5081593257756402
CCC(=O)NCCN(CC(=O)O)Cc1c(C)cccc1SC1=C[N]c2c1nc[nH]c2=O	1.059	-1.126	129.49	442.1549002480001	0.5117746499979108
CC(=O)NCCN(CCC(=O)O)Cc1c(C)cccc1SC1=C[N]c2c1nc[nH]c2=O	0.984	-1.333	129.49	442.1549002480001	0.5117746499979108
CNC(=O)CCN(CCC(=O)O)Cc1c(C)cccc1SC1=C[N]c2c1nc[nH]c2=O	0.594	-1.341	129.49	442.1549002480001	0.5117746499979108
CCN(CC)Cc1cccc(SC2=C[N]c3c2nc[nH]c3=O)c1CCN(C)CC(=O)O	1.543	-0.654	103.63	442.191285756	0.5510102765374428
Cc1cccc(SC2=C[N]c3c2nc[nH]c3=O)c1CN(CCCN(C)C)CCC(=O)O	1.537	-0.604	103.63	442.191285756	0.5512916872179262
CC(C)CNCc1cccc(SC2=C[N]c3c2nc[nH]c3=O)c1CCN(C)CC(=O)O	1.534	-0.78	112.42	442.191285756	0.489809967753739
CC(C)CNCc1cccc(SC2=C[N]c3c2nc[nH]c3=O)c1CN(C)CCC(=O)O	1.465	-0.935	112.42	442.191285756	0.4904222642356703
CCN(CC)Cc1cccc(SC2=C[N]c3c2nc[nH]c3=O)c1CNC(C)(C)C(=O)O	1.381	-0.874	112.42	442.191285756	0.518518862962564
CC(C)CNCc1cccc(SC2=C[N]c3c2nc[nH]c3=O)c1CNC(C)(C)C(=O)O	1.368	-1.125	121.21	442.191285756	0.4463369952079884
CN(CCc1c(CNC(C)(C)C)cccc1SC1=C[N]c2c1nc[nH]c2=O)CC(=O)O	1.366	-0.815	112.42	442.191285756	0.5470090568051942
CN(C)CCCc1cccc(SC2=C[N]c3c2nc[nH]c3=O)c1CCN(C)CC(=O)O	1.357	-0.488	103.63	442.191285756	0.549566935850181
CC(C)(C)NCc1cccc(SC2=C[N]c3c2nc[nH]c3=O)c1CNC(C)(C)C(=O)O	1.215	-1.065	121.21	442.191285756	0.4958341229475739
CN(C)CCCc1cccc(SC2=C[N]c3c2nc[nH]c3=O)c1CNC(C)(C)C(=O)O	1.184	-0.757	112.42	442.191285756	0.5182805535391751
CCN(CC)CCN(CC(=O)O)Cc1c(C)cccc1SC1=C[N]c2c1nc[nH]c2=O	1.838	-0.528	103.63	442.19128575600007	0.5512916872179265
CN(CCC(=O)O)Cc1c(CNC(C)(C)C)cccc1SC1=C[N]c2c1nc[nH]c2=O	1.317	-0.94	112.42000000000002	442.19128575600007	0.5472605758174851
CCN(CC)Cc1cccc(SC2=C[N]c3c2nc[nH]c3=O)c1CC(=O)OCC(=O)O	1.927	-1.361	126.69	443.1389158359999	0.534838736609127
CC(C)CNCc1cccc(SC2=C[N]c3c2nc[nH]c3=O)c1CC(=O)OCC(=O)O	1.911	-1.59	135.48	443.1389158359999	0.4747565323515005
Cc1cccc(SC2=C[N]c3c2nc[nH]c3=O)c1CCCN(CCCC(=O)O)C(=O)O	1.757	-1.424	137.69	443.1389158359999	0.5125213262666386
CC(C)(C)NCc1cccc(SC2=C[N]c3c2nc[nH]c3=O)c1CC(=O)OCC(=O)O	1.751	-1.566	135.48	443.1389158359999	0.5283568323822604
CN(C)CCCc1cccc(SC2=C[N]c3c2nc[nH]c3=O)c1CC(=O)OCC(=O)O	1.718	-1.281	126.69	443.1389158359999	0.5321911259208848
CC(=O)NCCc1cccc(SC2=C[N]c3c2nc[nH]c3=O)c1COC(C)(C)C(=O)O	1.033	-1.435	135.48	443.1389158359999	0.5403133841507779
CC(=O)N(C)Cc1cccc(SC2=C[N]c3c2nc[nH]c3=O)c1COC(C)(C)C(=O)O	0.976	-1.484	126.69	443.1389158359999	0.6415560615154492
Cc1cccc(SC2=C[N]c3c2nc[nH]c3=O)c1CCN(CCC(=O)O)CCC(=O)O	0.746	-1.77	137.69	443.1389158359999	0.480585773979186
CN(CCO)Cc1cccc(SC2=C[N]c3c2nc[nH]c3=O)c1CC(=O)CCC(=O)O	0.663	-1.32	137.68999999999997	443.1389158359999	0.4751577327288601
COC(=O)NCc1cccc(SC2=C[N]c3c2nc[nH]c3=O)c1CC(C)(C)CC(=O)O	2.779	-0.996	135.47999999999996	443.138915836	0.5704928418032559
CNC(=O)OCc1cccc(SC2=C[N]c3c2nc[nH]c3=O)c1CC(C)(C)CC(=O)O	2.773	-1.04	135.47999999999996	443.138915836	0.5704928418032559
COC(=O)NCc1cccc(SC2=C[N]c3c2nc[nH]c3=O)c1CCC(C)(C)C(=O)O	2.658	-0.945	135.47999999999996	443.138915836	0.5704928418032559
CNC(=O)OCc1cccc(SC2=C[N]c3c2nc[nH]c3=O)c1CCC(C)(C)C(=O)O	2.642	-0.992	135.47999999999996	443.138915836	0.5704928418032559
CC(C)N(Cc1c(CCCC(=O)O)cccc1SC1=C[N]c2c1nc[nH]c2=O)C(=O)O	2.126	-1.545	137.68999999999997	443.138915836	0.5398078661831474
CN(CCCc1c(CCCC(=O)O)cccc1SC1=C[N]c2c1nc[nH]c2=O)C(=O)O	1.891	-1.489	137.68999999999997	443.138915836	0.5129312601767776
CC(=O)OCCN(CCc1c(C)cccc1SC1=C[N]c2c1nc[nH]c2=O)CC(=O)O	1.597	-0.966	126.68999999999998	443.138915836	0.5333740619594156
CCOC(=O)CN(CCc1c(C)cccc1SC1=C[N]c2c1nc[nH]c2=O)CC(=O)O	1.492	-0.934	126.68999999999998	443.138915836	0.5333740619594156
COC(=O)CCc1cccc(SC2=C[N]c3c2nc[nH]c3=O)c1CCN(C)CC(=O)O	1.282	-0.969	126.69	443.138915836	0.5321911259208848
COC(=O)CCc1cccc(SC2=C[N]c3c2nc[nH]c3=O)c1CN(C)CCC(=O)O	1.216	-1.119	126.69	443.138915836	0.534838736609127
CCOC(=O)Cc1cccc(SC2=C[N]c3c2nc[nH]c3=O)c1CN(C)CCC(=O)O	1.168	-1.149	126.69	443.138915836	0.534838736609127
COC(=O)CCc1cccc(SC2=C[N]c3c2nc[nH]c3=O)c1CNC(C)(C)C(=O)O	1.168	-1.237	135.48	443.138915836	0.5018950136036088
CCOC(=O)Cc1cccc(SC2=C[N]c3c2nc[nH]c3=O)c1CNC(C)(C)C(=O)O	1.104	-1.263	135.48	443.138915836	0.5018950136036088
CN(CCc1c(CCCC(=O)O)cccc1SC1=C[N]c2c1nc[nH]c2=O)CC(=O)O	0.998	-1.463	137.68999999999997	443.138915836	0.4798866936389758
CCOC(=O)CN(CCC(=O)O)Cc1c(C)cccc1SC1=C[N]c2c1nc[nH]c2=O	1.749	-1.126	126.69	443.1389158360001	0.5355612399444254
CC(=O)OCCN(CCC(=O)O)Cc1c(C)cccc1SC1=C[N]c2c1nc[nH]c2=O	1.572	-1.157	126.69	443.1389158360001	0.5355612399444252
CCOC(=O)CCN(CC(=O)O)Cc1c(C)cccc1SC1=C[N]c2c1nc[nH]c2=O	1.443	-0.964	126.69	443.1389158360001	0.5355612399444254
COC(=O)CCCN(CC(=O)O)Cc1c(C)cccc1SC1=C[N]c2c1nc[nH]c2=O	1.355	-1.001	126.69	443.1389158360001	0.5355612399444252
COC(=O)CCN(CCC(=O)O)Cc1c(C)cccc1SC1=C[N]c2c1nc[nH]c2=O	1.234	-1.148	126.69	443.1389158360001	0.5355612399444252
CN(CCO)Cc1cccc(SC2=C[N]c3c2nc[nH]c3=O)c1CC(C)(C)CC(=O)O	2.291	-0.737	120.62	443.17530134399993	0.5160077986335102
CN(CCO)Cc1cccc(SC2=C[N]c3c2nc[nH]c3=O)c1CCC(C)(C)C(=O)O	2.121	-0.74	120.62	443.17530134399993	0.5160077986335102
CCN(CC)Cc1cccc(SC2=C[N]c3c2nc[nH]c3=O)c1COC(C)(C)C(=O)O	2.017	-0.81	109.62000000000002	443.17530134399993	0.5794919766777099
CC(C)CNCc1cccc(SC2=C[N]c3c2nc[nH]c3=O)c1COC(C)(C)C(=O)O	1.99	-1.001	118.41	443.17530134399993	0.5157515905551847
Cc1cccc(SC2=C[N]c3c2nc[nH]c3=O)c1CC(CCCN(C)CCO)C(=O)O	1.969	-0.78	120.62000000000002	443.17530134399993	0.4874648062913203
CC(C)(C)NCc1cccc(SC2=C[N]c3c2nc[nH]c3=O)c1COC(C)(C)C(=O)O	1.838	-1.023	118.41	443.17530134399993	0.5722218249023115
CN(C)CCCc1cccc(SC2=C[N]c3c2nc[nH]c3=O)c1COC(C)(C)C(=O)O	1.831	-0.727	109.62000000000002	443.17530134399993	0.5808248096458342
COC(=O)CCc1cccc(SC2=C[N]c3c2nc[nH]c3=O)c1COC(C)(C)C(=O)O	1.839	-1.087	132.68	444.122931424	0.5640885889334767
CCOC(=O)Cc1cccc(SC2=C[N]c3c2nc[nH]c3=O)c1COC(C)(C)C(=O)O	1.818	-1.096	132.68	444.122931424	0.5640885889334767
CNC(=O)OCc1cccc(SC2=C[N]c3c2nc[nH]c3=O)c1CCN(C)CC(=O)O	0.797	-1.203	138.71999999999997	444.134164804	0.5291624735013928
CNC(=O)OCc1cccc(SC2=C[N]c3c2nc[nH]c3=O)c1CN(C)CCC(=O)O	0.74	-1.316	138.71999999999997	444.134164804	0.5327528482386812
CN(CCO)Cc1cccc(SC2=C[N]c3c2nc[nH]c3=O)c1CN(C)CCC(=O)O	0.312	-0.998	123.86	444.17055031199993	0.4756803512536998
CN(CCO)Cc1cccc(SC2=C[N]c3c2nc[nH]c3=O)c1CNC(C)(C)C(=O)O	0.233	-1.09	132.64999999999998	444.17055031199993	0.4332439848984178
CN(CCO)Cc1cccc(SC2=C[N]c3c2nc[nH]c3=O)c1COC(C)(C)C(=O)O	0.837	-1.013	129.85	445.1545658999999	0.5056849757922816
CC(C)(Cc1c(CSCC(=O)O)cccc1SC1=C[N]c2c1nc[nH]c2=O)C(=O)O	2.171	-1.744	134.44999999999996	446.08443774	0.5348568545579577
CN(CCc1c(CSCC(=O)O)cccc1SC1=C[N]c2c1nc[nH]c2=O)C(=O)O	1.314	-2.043	137.68999999999997	447.079686708	0.5332357470504303
CS(=O)(=O)Cc1cccc(SC2=C[N]c3c2nc[nH]c3=O)c1CN1CC(C(=O)O)C1	-0.297	-0.831	134.53	447.079686708	0.6458952556751226
Cc1cccc(SC2=C[N]c3c2nc[nH]c3=O)c1CC(CCCS(C)(=O)=O)C(=O)O	1.117	-1.015	131.29	448.1000878039999	0.6022770664506943
CC(C)(CCc1c(CS(C)(=O)=O)cccc1SC1=C[N]c2c1nc[nH]c2=O)C(=O)O	1.514	-1.02	131.29	448.100087804	0.6345060352032336
CC(C)(CC(=O)O)Cc1c(CS(C)(=O)=O)cccc1SC1=C[N]c2c1nc[nH]c2=O	1.597	-1.037	131.29	448.1000878040001	0.6345060352032338
Cc1cccc(SC2=C[N]c3c2nc[nH]c3=O)c1CN(CCCC(=O)O)S(C)(=O)=O	2.107	-1.347	134.53	449.0953367719999	0.5980441461337349
Cc1cccc(SC2=C[N]c3c2nc[nH]c3=O)c1CCCN(CC(=O)O)S(C)(=O)=O	1.933	-1.283	134.53	449.0953367719999	0.5947704382083282
Cc1cccc(SC2=C[N]c3c2nc[nH]c3=O)c1CCN(CCC(=O)O)S(C)(=O)=O	1.93	-1.374	134.53	449.0953367719999	0.5947704382083282
Cc1cccc(SC2=C[N]c3c2nc[nH]c3=O)c1CN(CCS(C)(=O)=O)CC(=O)O	-0.297	-0.933	134.52999999999997	449.0953367719999	0.5857642153069096
CN(CCc1c(CS(C)(=O)=O)cccc1SC1=C[N]c2c1nc[nH]c2=O)CC(=O)O	-0.28	-0.923	134.52999999999997	449.095336772	0.5833627669292455
CN(CCC(=O)O)Cc1c(CS(C)(=O)=O)cccc1SC1=C[N]c2c1nc[nH]c2=O	-0.312	-1.058	134.53	449.0953367720001	0.5889120794447228
